Workbook
Name PINAJAMAN_KAI_NOV_24: #REF!
Name PINJAMAN_ATS_DES24: #REF!
Name PINJAMAN_ATS_FEB25: #REF!
Name PINJAMAN_ATS_JAN25: #REF!
Name PINJAMAN_ATS_NOV_24: #REF!
Name PINJAMAN_KAI_APR_25: #REF!
Name Pinjaman_KAI_Des24: #REF!
Name PINJAMAN_KAI_FEB25: #REF!
Name Pinjaman_KAI_Jan25: #REF!
Name PINJAMAN_KAI_JULI_25: #REF!
Name PINJAMAN_KAI_JUNI_25: #REF!
Name PINJAMAN_KAI_MAR25: #REF!
Name PINJAMAN_KAI_MEI_25: #REF!
Name TER: TER!$B$2:$U$47

Sheet TER
B2: KATEGORI A | F2: KATEGORI B | J2: KATEGORI C | N2: KATEGORI HARIAN | R2: STATUS | S2: KATEGORI
B3: TK/0 - TK/1 - K/0 | F3: TK/2 - TK/3 - K/1 - K/2 | J3: K/3 | R3: TK/0 | S3: A
B4: 0 | C4: 5400000 | D4: 0 | F4: 0 | G4: 6200000 | H4: 0 | J4: 0 | K4: 6600000 | L4: 0 | N4: ~~ | O4: 450000 | P4: 0 | R4: TK/1 | S4: A
B5: 5400001 | C5: 5650000 | D5: 0.0025 | F5: 6200001 | G5: 6500000 | H5: 0.0025 | J5: 6600001 | K5: 6950000 | L5: 0.0025 | N5: 450001 | O5: 2500000 | P5: 0.005 | R5: K/0 | S5: A
B6: 5650001 | C6: 5950000 | D6: 0.005 | F6: 6500001 | G6: 6850000 | H6: 0.005 | J6: 6950001 | K6: 7350000 | L6: 0.005 | R6: TK/2 | S6: B
B7: 5950001 | C7: 6300000 | D7: 0.0075 | F7: 6850001 | G7: 7300000 | H7: 0.0075 | J7: 7350001 | K7: 7800000 | L7: 0.0075 | R7: TK/3 | S7: B
B8: 6300001 | C8: 6750000 | D8: 0.01 | F8: 7300001 | G8: 9200000 | H8: 0.01 | J8: 7800001 | K8: 8850000 | L8: 0.01 | R8: K/1 | S8: B
B9: 6750001 | C9: 7500000 | D9: 0.0125 | F9: 9200001 | G9: 10750000 | H9: 0.015 | J9: 8850001 | K9: 9800000 | L9: 0.0125 | R9: K/2 | S9: B
B10: 7500001 | C10: 8550000 | D10: 0.015 | F10: 10750001 | G10: 11250000 | H10: 0.02 | J10: 9800001 | K10: 10950000 | L10: 0.015 | R10: K/3 | S10: C
B11: 8550001 | C11: 9650000 | D11: 0.0175 | F11: 11250001 | G11: 11600000 | H11: 0.025 | J11: 10950001 | K11: 11200000 | L11: 0.0175
B12: 9650001 | C12: 10050000 | D12: 0.02 | F12: 11600001 | G12: 12600000 | H12: 0.03 | J12: 11200001 | K12: 12050000 | L12: 0.02
B13: 10050001 | C13: 10350000 | D13: 0.0225 | F13: 12600001 | G13: 13600000 | H13: 0.04 | J13: 12050001 | K13: 12950000 | L13: 0.03
B14: 10350001 | C14: 10700000 | D14: 0.025 | F14: 13600001 | G14: 14950000 | H14: 0.05 | J14: 12950001 | K14: 14150000 | L14: 0.04
B15: 10700001 | C15: 11050000 | D15: 0.03 | F15: 14950001 | G15: 16400000 | H15: 0.06 | J15: 14150001 | K15: 15550000 | L15: 0.05
B16: 11050001 | C16: 11600000 | D16: 0.035 | F16: 16400001 | G16: 18450000 | H16: 0.07 | J16: 15550001 | K16: 17050000 | L16: 0.06
B17: 11600001 | C17: 12500000 | D17: 0.04 | F17: 18450001 | G17: 21850000 | H17: 0.08 | J17: 17050001 | K17: 19500000 | L17: 0.07
B18: 12500001 | C18: 13750000 | D18: 0.05 | F18: 21850001 | G18: 26000000 | H18: 0.09 | J18: 19500001 | K18: 22700000 | L18: 0.08
B19: 13750001 | C19: 15100000 | D19: 0.06 | F19: 26000001 | G19: 27700000 | H19: 0.1 | J19: 22700001 | K19: 26600000 | L19: 0.09
B20: 15100001 | C20: 16950000 | D20: 0.07 | F20: 27700001 | G20: 29350000 | H20: 0.11 | J20: 26600001 | K20: 28100000 | L20: 0.1
B21: 16950001 | C21: 19750000 | D21: 0.08 | F21: 29350001 | G21: 31450000 | H21: 0.12 | J21: 28100001 | K21: 30100000 | L21: 0.11
B22: 19750001 | C22: 24150000 | D22: 0.09 | F22: 31450001 | G22: 33950000 | H22: 0.13 | J22: 30100001 | K22: 32600000 | L22: 0.12
... B42: 337000001 | C42: 454000000 | D42: 0.29 | F42: 957000001 | G42: 1405000000 | H42: 0.33 | J42: 709000001 | K42: 965000000 | L42: 0.32
B43: 454000001 | C43: 550000000 | D43: 0.3 | F43: 1405000001 | G43: ~~ | H43: 0.34 | J43: 965000001 | K43: 1419000000 | L43: 0.33
B44: 550000001 | C44: 695000000 | D44: 0.31 | J44: 1419000001 | K44: ~~ | L44: 0.34
B45: 695000001 | C45: 910000000 | D45: 0.32
B46: 910000001 | C46: 1400000000 | D46: 0.33
B47: 1400000001 | C47: ~~ | D47: 0.34

Sheet 01. Januari 26
AF2: 468.468 | AG2: 253.5
B3: NO. | C3: NIK KTP | D3: NAMA | E3: REKENING | G3: JABATAN | H3: STATUS | I3: PENAMBAH | Z3: PENGURANG | AN3: UPAH | AO3: PPh | AP3: UPAH (-PPh) | AQ3: UPAH (-THR) | AR3: THP (ROUNDED) | AT3: PPh
E4: BANK | F4: NOMOR | I4: GAJI POKOK | J4: BPJS | L4: TUNJANGAN KINERJA (TUKIN) | R4: KROSCEK | U4: BACKUP | X4: BONUS/ THR | Y4: SUB TOTAL | Z4: KETIDAKHADIRAN | AF4: BPJS | AH4: SP | AI4: PINJAMAN | AL4: LAIN-LAIN | AM4: SUB TOTAL | AT4: STATUS | AU4: KAT TER | AV4: GAJI POKOK | AW4: TUKIN | AX4: BACKUP | AY4: BONUS/ THR | AZ4: BPJS | BC4: UPAH | BD4: TARIF | BE4: PPh
J5: TK | K5: KES | L5: BUDGET | M5: 1 HARI | N5: HARI KERJA | O5: SCHEDULE | P5: TOTAL | R5: BUDGET | S5: REALISASI | T5: MINUS | U5: NOMINAL | V5: HARI OT | W5: TOTAL | Z5: SAKIT | AA5: IJIN | AB5: CUTI | AC5: TK | AD5: SOC-A | AE5: TOTAL | AF5: TK | AG5: KES | AI5: SALDO | AJ5: POTONGAN | AK5: SISA | AZ5: TK - JKK | BA5: TK - JKM | BB5: KES
B6: 1 | C6: 3175090709870002 | D6: RANGGA HADI WIJAYA | E6: BRI | F6: 065101021314508 | G6: ANGGOTA | H6: FULL - EXISTING | I6: =IF(H6="FULL - EXISTING",5729876,5729876/O6*N6) -> 5729876 | J6: 316368 | K6: 203800 | L6: 200000 | M6: =L6/O6 -> 10000 | N6: =IFERROR(__xludf.DUMMYFUNCTION("VLOOKUP(C6,IMPORTRANGE(""https://docs.google.com/spreadsheets/d/1ZLN5T8y7NSBIP1rvSj6TTUR_vTQbRwUKSt8zZJ_EfE4/edit?gid=461094331#gid=461094331"",""SCHEDULE_SDT_JAN26""),35,0)"),20) -> 20 | O6: =IFERROR(__xludf.DUMMYFUNCTION("VLOOKUP(C6,IMPORTRANGE(""https://docs.google.com/spreadsheets/d/1ZLN5T8y7NSBIP1rvSj6TTUR_vTQbRwUKSt8zZJ_EfE4/edit?gid=461094331#gid=461094331"",""SCHEDULE_SDT_JAN26""),34,0)"),20) -> 20 | P6: =M6*N6 -> 200000 | R6: =I6+J6+K6+L6 -> 6450044 | S6: =I6+J6+K6+L6 -> 6450044 | T6: =IF(R6-S6<0,R6-S6,0) -> 0 | U6: 250000 | V6: =IFERROR(__xludf.DUMMYFUNCTION("VLOOKUP(C6,IMPORTRANGE(""https://docs.google.com/spreadsheets/d/1ZLN5T8y7NSBIP1rvSj6TTUR_vTQbRwUKSt8zZJ_EfE4/edit?gid=461094331#gid=461094331"",""SCHEDULE_SDT_JAN26""),36,0)"),1) -> 1 | W6: =U6*V6 -> 250000 | X6: 0 | Y6: =I6+J6+K6+P6+W6+X6 -> 6700044 | Z6: =IFERROR(__xludf.DUMMYFUNCTION("VLOOKUP(C6,IMPORTRANGE(""https://docs.google.com/spreadsheets/d/1ZLN5T8y7NSBIP1rvSj6TTUR_vTQbRwUKSt8zZJ_EfE4/edit?gid=461094331#gid=461094331"",""SCHEDULE_SDT_JAN26""),38,0)+VLOOKUP(C6,IMPORTRANGE(""https://docs.google.com/spreadsheets/d/1ZLN5T8y7NSBIP1rv"&"Sj6TTUR_vTQbRwUKSt8zZJ_EfE4/edit?gid=461094331#gid=461094331"",""SCHEDULE_SDT_JAN26""),39,0)"),0) -> 0 | AA6: =IFERROR(__xludf.DUMMYFUNCTION("VLOOKUP(C6,IMPORTRANGE(""https://docs.google.com/spreadsheets/d/1ZLN5T8y7NSBIP1rvSj6TTUR_vTQbRwUKSt8zZJ_EfE4/edit?gid=461094331#gid=461094331"",""SCHEDULE_SDT_JAN26""),40,0)"),0) -> 0 | AB6: =IFERROR(__xludf.DUMMYFUNCTION("VLOOKUP(C6,IMPORTRANGE(""https://docs.google.com/spreadsheets/d/1ZLN5T8y7NSBIP1rvSj6TTUR_vTQbRwUKSt8zZJ_EfE4/edit?gid=461094331#gid=461094331"",""SCHEDULE_SDT_JAN26""),41,0)"),0) -> 0 | AC6: =IFERROR(__xludf.DUMMYFUNCTION("VLOOKUP(C6,IMPORTRANGE(""https://docs.google.com/spreadsheets/d/1ZLN5T8y7NSBIP1rvSj6TTUR_vTQbRwUKSt8zZJ_EfE4/edit?gid=461094331#gid=461094331"",""SCHEDULE_SDT_JAN26""),42,0)"),0) -> 0 | AD6: =IFERROR(__xludf.DUMMYFUNCTION("VLOOKUP(C6,IMPORTRANGE(""https://docs.google.com/spreadsheets/d/1ZLN5T8y7NSBIP1rvSj6TTUR_vTQbRwUKSt8zZJ_EfE4/edit?gid=461094331#gid=461094331"",""SCHEDULE_SDT_JAN26""),43,0)"),0) -> 0 | AE6: =U6*(Z6+AA6+AD6+(AC6)) -> 0 | AF6: 468468 | AG6: 253500 | AH6: 0 | AI6: 0 | AJ6: 0 | AK6: =AI6-AJ6 -> 0 | AL6: 0 | AM6: =AE6+AF6+AG6+AH6+AJ6+AL6 -> 721968 | AN6: =Y6-AM6 -> 5978076 | AO6: =BE6 -> 0 | AP6: =AN6-AO6 -> 5978076 | AQ6: =AP6-X6 -> 5978076 | AR6: =IF(AQ6>0,ROUND(AQ6,-2),0) -> 5978100 | AT6: K/3 | AU6: C | AV6: =I6 -> 5729876 | AW6: =P6 -> 200000 | AX6: =W6 -> 250000 | AY6: 0 | AZ6: =IF(J6=0,0,AV6*0.24%) -> 13751.702 | BA6: =IF(J6=0,0,AV6*0.3%) -> 17189.628 | BB6: =IF(K6=0,0,AV6*4%) -> 229195.04 | BC6: =SUM(AV6:BB6) -> 6440012.4 | BD6: =IF(AU6="C",VLOOKUP(BC6,TER!$J$4:$L$50,3,TRUE),IF(AU6="B",VLOOKUP(BC6,TER!$F$4:$H$50,3,TRUE),IF(AU6="A",VLOOKUP(BC6,TER!$B$4:$D$50,3,TRUE),"ERROR"))) -> 0 | BE6: =BC6*BD6 -> 0
B7: 2 | C7: 2101067103820002 | D7: NUNY SULISTIOWATI | E7: BRI | F7: 065101021315504 | G7: ANGGOTA | H7: FULL - EXISTING | I7: =IF(H7="FULL - EXISTING",5729876,5729876/O7*N7) -> 5729876 | J7: 316368 | K7: 203800 | L7: 1000000 | M7: =L7/O7 -> 50000 | N7: =IFERROR(__xludf.DUMMYFUNCTION("VLOOKUP(C7,IMPORTRANGE(""https://docs.google.com/spreadsheets/d/1ZLN5T8y7NSBIP1rvSj6TTUR_vTQbRwUKSt8zZJ_EfE4/edit?gid=461094331#gid=461094331"",""SCHEDULE_SDT_JAN26""),35,0)"),20) -> 20 | O7: =IFERROR(__xludf.DUMMYFUNCTION("VLOOKUP(C7,IMPORTRANGE(""https://docs.google.com/spreadsheets/d/1ZLN5T8y7NSBIP1rvSj6TTUR_vTQbRwUKSt8zZJ_EfE4/edit?gid=461094331#gid=461094331"",""SCHEDULE_SDT_JAN26""),34,0)"),20) -> 20 | P7: =M7*N7 -> 1000000 | R7: =I7+J7+K7+L7 -> 7250044 | S7: =I7+J7+K7+L7 -> 7250044 | T7: =IF(R7-S7<0,R7-S7,0) -> 0 | U7: 250000 | V7: =IFERROR(__xludf.DUMMYFUNCTION("VLOOKUP(C7,IMPORTRANGE(""https://docs.google.com/spreadsheets/d/1ZLN5T8y7NSBIP1rvSj6TTUR_vTQbRwUKSt8zZJ_EfE4/edit?gid=461094331#gid=461094331"",""SCHEDULE_SDT_JAN26""),36,0)"),0) -> 0 | W7: =U7*V7 -> 0 | X7: 0 | Y7: =I7+J7+K7+P7+W7+X7 -> 7250044 | Z7: =IFERROR(__xludf.DUMMYFUNCTION("VLOOKUP(C7,IMPORTRANGE(""https://docs.google.com/spreadsheets/d/1ZLN5T8y7NSBIP1rvSj6TTUR_vTQbRwUKSt8zZJ_EfE4/edit?gid=461094331#gid=461094331"",""SCHEDULE_SDT_JAN26""),38,0)+VLOOKUP(C7,IMPORTRANGE(""https://docs.google.com/spreadsheets/d/1ZLN5T8y7NSBIP1rv"&"Sj6TTUR_vTQbRwUKSt8zZJ_EfE4/edit?gid=461094331#gid=461094331"",""SCHEDULE_SDT_JAN26""),39,0)"),0) -> 0 | AA7: =IFERROR(__xludf.DUMMYFUNCTION("VLOOKUP(C7,IMPORTRANGE(""https://docs.google.com/spreadsheets/d/1ZLN5T8y7NSBIP1rvSj6TTUR_vTQbRwUKSt8zZJ_EfE4/edit?gid=461094331#gid=461094331"",""SCHEDULE_SDT_JAN26""),40,0)"),0) -> 0 | AB7: =IFERROR(__xludf.DUMMYFUNCTION("VLOOKUP(C7,IMPORTRANGE(""https://docs.google.com/spreadsheets/d/1ZLN5T8y7NSBIP1rvSj6TTUR_vTQbRwUKSt8zZJ_EfE4/edit?gid=461094331#gid=461094331"",""SCHEDULE_SDT_JAN26""),41,0)"),0) -> 0 | AC7: =IFERROR(__xludf.DUMMYFUNCTION("VLOOKUP(C7,IMPORTRANGE(""https://docs.google.com/spreadsheets/d/1ZLN5T8y7NSBIP1rvSj6TTUR_vTQbRwUKSt8zZJ_EfE4/edit?gid=461094331#gid=461094331"",""SCHEDULE_SDT_JAN26""),42,0)"),0) -> 0 | AD7: =IFERROR(__xludf.DUMMYFUNCTION("VLOOKUP(C7,IMPORTRANGE(""https://docs.google.com/spreadsheets/d/1ZLN5T8y7NSBIP1rvSj6TTUR_vTQbRwUKSt8zZJ_EfE4/edit?gid=461094331#gid=461094331"",""SCHEDULE_SDT_JAN26""),43,0)"),0) -> 0 | AE7: =U7*(Z7+AA7+AD7+(AC7)) -> 0 | AF7: 468468 | AG7: 253500 | AH7: 0 | AI7: 0 | AJ7: 0 | AK7: =AI7-AJ7 -> 0 | AL7: 0 | AM7: =AE7+AF7+AG7+AH7+AJ7+AL7 -> 721968 | AN7: =Y7-AM7 -> 6528076 | AO7: =BE7 -> 34950.062 | AP7: =AN7-AO7 -> 6493125.9 | AQ7: =AP7-X7 -> 6493125.9 | AR7: =IF(AQ7>0,ROUND(AQ7,-2),0) -> 6493100 | AT7: K/3 | AU7: C | AV7: =I7 -> 5729876 | AW7: =P7 -> 1000000 | AX7: =W7 -> 0 | AY7: 0 | AZ7: =IF(J7=0,0,AV7*0.24%) -> 13751.702 | BA7: =IF(J7=0,0,AV7*0.3%) -> 17189.628 | BB7: =IF(K7=0,0,AV7*4%) -> 229195.04 | BC7: =SUM(AV7:BB7) -> 6990012.4 | BD7: =IF(AU7="C",VLOOKUP(BC7,TER!$J$4:$L$50,3,TRUE),IF(AU7="B",VLOOKUP(BC7,TER!$F$4:$H$50,3,TRUE),IF(AU7="A",VLOOKUP(BC7,TER!$B$4:$D$50,3,TRUE),"ERROR"))) -> 0.005 | BE7: =BC7*BD7 -> 34950.062
B8: 3 | C8: 5316012208000001 | D8: OKTAVIANUS DAE | E8: BRI | F8: 065101021360509 | G8: ANGGOTA | H8: FULL - EXISTING | I8: =IF(H8="FULL - EXISTING",5729876,5729876/O8*N8) -> 5729876 | J8: 316368 | K8: 203800 | L8: 200000 | M8: =L8/O8 -> 10000 | N8: =IFERROR(__xludf.DUMMYFUNCTION("VLOOKUP(C8,IMPORTRANGE(""https://docs.google.com/spreadsheets/d/1ZLN5T8y7NSBIP1rvSj6TTUR_vTQbRwUKSt8zZJ_EfE4/edit?gid=461094331#gid=461094331"",""SCHEDULE_SDT_JAN26""),35,0)"),20) -> 20 | O8: =IFERROR(__xludf.DUMMYFUNCTION("VLOOKUP(C8,IMPORTRANGE(""https://docs.google.com/spreadsheets/d/1ZLN5T8y7NSBIP1rvSj6TTUR_vTQbRwUKSt8zZJ_EfE4/edit?gid=461094331#gid=461094331"",""SCHEDULE_SDT_JAN26""),34,0)"),20) -> 20 | P8: =M8*N8 -> 200000 | R8: =I8+J8+K8+L8 -> 6450044 | S8: =I8+J8+K8+L8 -> 6450044 | T8: =IF(R8-S8<0,R8-S8,0) -> 0 | U8: 250000 | V8: =IFERROR(__xludf.DUMMYFUNCTION("VLOOKUP(C8,IMPORTRANGE(""https://docs.google.com/spreadsheets/d/1ZLN5T8y7NSBIP1rvSj6TTUR_vTQbRwUKSt8zZJ_EfE4/edit?gid=461094331#gid=461094331"",""SCHEDULE_SDT_JAN26""),36,0)"),2) -> 2 | W8: =U8*V8 -> 500000 | X8: 0 | Y8: =I8+J8+K8+P8+W8+X8 -> 6950044 | Z8: =IFERROR(__xludf.DUMMYFUNCTION("VLOOKUP(C8,IMPORTRANGE(""https://docs.google.com/spreadsheets/d/1ZLN5T8y7NSBIP1rvSj6TTUR_vTQbRwUKSt8zZJ_EfE4/edit?gid=461094331#gid=461094331"",""SCHEDULE_SDT_JAN26""),38,0)+VLOOKUP(C8,IMPORTRANGE(""https://docs.google.com/spreadsheets/d/1ZLN5T8y7NSBIP1rv"&"Sj6TTUR_vTQbRwUKSt8zZJ_EfE4/edit?gid=461094331#gid=461094331"",""SCHEDULE_SDT_JAN26""),39,0)"),0) -> 0 | AA8: =IFERROR(__xludf.DUMMYFUNCTION("VLOOKUP(C8,IMPORTRANGE(""https://docs.google.com/spreadsheets/d/1ZLN5T8y7NSBIP1rvSj6TTUR_vTQbRwUKSt8zZJ_EfE4/edit?gid=461094331#gid=461094331"",""SCHEDULE_SDT_JAN26""),40,0)"),0) -> 0 | AB8: =IFERROR(__xludf.DUMMYFUNCTION("VLOOKUP(C8,IMPORTRANGE(""https://docs.google.com/spreadsheets/d/1ZLN5T8y7NSBIP1rvSj6TTUR_vTQbRwUKSt8zZJ_EfE4/edit?gid=461094331#gid=461094331"",""SCHEDULE_SDT_JAN26""),41,0)"),0) -> 0 | AC8: =IFERROR(__xludf.DUMMYFUNCTION("VLOOKUP(C8,IMPORTRANGE(""https://docs.google.com/spreadsheets/d/1ZLN5T8y7NSBIP1rvSj6TTUR_vTQbRwUKSt8zZJ_EfE4/edit?gid=461094331#gid=461094331"",""SCHEDULE_SDT_JAN26""),42,0)"),0) -> 0 | AD8: =IFERROR(__xludf.DUMMYFUNCTION("VLOOKUP(C8,IMPORTRANGE(""https://docs.google.com/spreadsheets/d/1ZLN5T8y7NSBIP1rvSj6TTUR_vTQbRwUKSt8zZJ_EfE4/edit?gid=461094331#gid=461094331"",""SCHEDULE_SDT_JAN26""),43,0)"),0) -> 0 | AE8: =U8*(Z8+AA8+AD8+(AC8)) -> 0 | AF8: 468468 | AG8: 253500 | AH8: 0 | AI8: 0 | AJ8: 0 | AK8: =AI8-AJ8 -> 0 | AL8: 0 | AM8: =AE8+AF8+AG8+AH8+AJ8+AL8 -> 721968 | AN8: =Y8-AM8 -> 6228076 | AO8: =BE8 -> 66900.124 | AP8: =AN8-AO8 -> 6161175.9 | AQ8: =AP8-X8 -> 6161175.9 | AR8: =IF(AQ8>0,ROUND(AQ8,-2),0) -> 6161200 | AT8: TK/0 | AU8: A | AV8: =I8 -> 5729876 | AW8: =P8 -> 200000 | AX8: =W8 -> 500000 | AY8: 0 | AZ8: =IF(J8=0,0,AV8*0.24%) -> 13751.702 | BA8: =IF(J8=0,0,AV8*0.3%) -> 17189.628 | BB8: =IF(K8=0,0,AV8*4%) -> 229195.04 | BC8: =SUM(AV8:BB8) -> 6690012.4 | BD8: =IF(AU8="C",VLOOKUP(BC8,TER!$J$4:$L$50,3,TRUE),IF(AU8="B",VLOOKUP(BC8,TER!$F$4:$H$50,3,TRUE),IF(AU8="A",VLOOKUP(BC8,TER!$B$4:$D$50,3,TRUE),"ERROR"))) -> 0.01 | BE8: =BC8*BD8 -> 66900.124
B9: 4 | C9: 1801080909010004 | D9: RIAN RONALDO | E9: BRI | F9: 065101021317506 | G9: ANGGOTA | H9: FULL - EXISTING | I9: =IF(H9="FULL - EXISTING",5729876,5729876/O9*N9) -> 5729876 | J9: 316368 | K9: 203800 | L9: 200000 | M9: =L9/O9 -> 9523.8095 | N9: =IFERROR(__xludf.DUMMYFUNCTION("VLOOKUP(C9,IMPORTRANGE(""https://docs.google.com/spreadsheets/d/1ZLN5T8y7NSBIP1rvSj6TTUR_vTQbRwUKSt8zZJ_EfE4/edit?gid=461094331#gid=461094331"",""SCHEDULE_SDT_JAN26""),35,0)"),20) -> 20 | O9: =IFERROR(__xludf.DUMMYFUNCTION("VLOOKUP(C9,IMPORTRANGE(""https://docs.google.com/spreadsheets/d/1ZLN5T8y7NSBIP1rvSj6TTUR_vTQbRwUKSt8zZJ_EfE4/edit?gid=461094331#gid=461094331"",""SCHEDULE_SDT_JAN26""),34,0)"),21) -> 21 | P9: =M9*N9 -> 190476.19 | R9: =I9+J9+K9+L9 -> 6450044 | S9: =I9+J9+K9+L9 -> 6450044 | T9: =IF(R9-S9<0,R9-S9,0) -> 0 | U9: 250000 | V9: =IFERROR(__xludf.DUMMYFUNCTION("VLOOKUP(C9,IMPORTRANGE(""https://docs.google.com/spreadsheets/d/1ZLN5T8y7NSBIP1rvSj6TTUR_vTQbRwUKSt8zZJ_EfE4/edit?gid=461094331#gid=461094331"",""SCHEDULE_SDT_JAN26""),36,0)"),2) -> 2 | W9: =U9*V9 -> 500000 | X9: 0 | Y9: =I9+J9+K9+P9+W9+X9 -> 6940520.2 | Z9: =IFERROR(__xludf.DUMMYFUNCTION("VLOOKUP(C9,IMPORTRANGE(""https://docs.google.com/spreadsheets/d/1ZLN5T8y7NSBIP1rvSj6TTUR_vTQbRwUKSt8zZJ_EfE4/edit?gid=461094331#gid=461094331"",""SCHEDULE_SDT_JAN26""),38,0)+VLOOKUP(C9,IMPORTRANGE(""https://docs.google.com/spreadsheets/d/1ZLN5T8y7NSBIP1rv"&"Sj6TTUR_vTQbRwUKSt8zZJ_EfE4/edit?gid=461094331#gid=461094331"",""SCHEDULE_SDT_JAN26""),39,0)"),0) -> 0 | AA9: =IFERROR(__xludf.DUMMYFUNCTION("VLOOKUP(C9,IMPORTRANGE(""https://docs.google.com/spreadsheets/d/1ZLN5T8y7NSBIP1rvSj6TTUR_vTQbRwUKSt8zZJ_EfE4/edit?gid=461094331#gid=461094331"",""SCHEDULE_SDT_JAN26""),40,0)"),1) -> 1 | AB9: =IFERROR(__xludf.DUMMYFUNCTION("VLOOKUP(C9,IMPORTRANGE(""https://docs.google.com/spreadsheets/d/1ZLN5T8y7NSBIP1rvSj6TTUR_vTQbRwUKSt8zZJ_EfE4/edit?gid=461094331#gid=461094331"",""SCHEDULE_SDT_JAN26""),41,0)"),0) -> 0 | AC9: =IFERROR(__xludf.DUMMYFUNCTION("VLOOKUP(C9,IMPORTRANGE(""https://docs.google.com/spreadsheets/d/1ZLN5T8y7NSBIP1rvSj6TTUR_vTQbRwUKSt8zZJ_EfE4/edit?gid=461094331#gid=461094331"",""SCHEDULE_SDT_JAN26""),42,0)"),0) -> 0 | AD9: =IFERROR(__xludf.DUMMYFUNCTION("VLOOKUP(C9,IMPORTRANGE(""https://docs.google.com/spreadsheets/d/1ZLN5T8y7NSBIP1rvSj6TTUR_vTQbRwUKSt8zZJ_EfE4/edit?gid=461094331#gid=461094331"",""SCHEDULE_SDT_JAN26""),43,0)"),0) -> 0 | AE9: =U9*(Z9+AA9+AD9+(AC9)) -> 250000 | AF9: 468468 | AG9: 253500 | AH9: 0 | AI9: 0 | AJ9: 0 | AK9: =AI9-AJ9 -> 0 | AL9: 0 | AM9: =AE9+AF9+AG9+AH9+AJ9+AL9 -> 971968 | AN9: =Y9-AM9 -> 5968552.2 | AO9: =BE9 -> 66804.886 | AP9: =AN9-AO9 -> 5901747.3 | AQ9: =AP9-X9 -> 5901747.3 | AR9: =IF(AQ9>0,ROUND(AQ9,-2),0) -> 5901700 | AT9: TK/0 | AU9: A | AV9: =I9 -> 5729876 | AW9: =P9 -> 190476.19 | AX9: =W9 -> 500000 | AY9: 0 | AZ9: =IF(J9=0,0,AV9*0.24%) -> 13751.702 | BA9: =IF(J9=0,0,AV9*0.3%) -> 17189.628 | BB9: =IF(K9=0,0,AV9*4%) -> 229195.04 | BC9: =SUM(AV9:BB9) -> 6680488.6 | BD9: =IF(AU9="C",VLOOKUP(BC9,TER!$J$4:$L$50,3,TRUE),IF(AU9="B",VLOOKUP(BC9,TER!$F$4:$H$50,3,TRUE),IF(AU9="A",VLOOKUP(BC9,TER!$B$4:$D$50,3,TRUE),"ERROR"))) -> 0.01 | BE9: =BC9*BD9 -> 66804.886
B10: 5 | C10: 3603170407870014 | D10: YUSIRMAN | E10: BRI | F10: 065101021319508 | G10: ANGGOTA | H10: FULL - EXISTING | I10: =IF(H10="FULL - EXISTING",5729876,5729876/O10*N10) -> 5729876 | J10: 316368 | K10: 203800 | L10: 200000 | M10: =L10/O10 -> 9523.8095 | N10: =IFERROR(__xludf.DUMMYFUNCTION("VLOOKUP(C10,IMPORTRANGE(""https://docs.google.com/spreadsheets/d/1ZLN5T8y7NSBIP1rvSj6TTUR_vTQbRwUKSt8zZJ_EfE4/edit?gid=461094331#gid=461094331"",""SCHEDULE_SDT_JAN26""),35,0)"),21) -> 21 | O10: =IFERROR(__xludf.DUMMYFUNCTION("VLOOKUP(C10,IMPORTRANGE(""https://docs.google.com/spreadsheets/d/1ZLN5T8y7NSBIP1rvSj6TTUR_vTQbRwUKSt8zZJ_EfE4/edit?gid=461094331#gid=461094331"",""SCHEDULE_SDT_JAN26""),34,0)"),21) -> 21 | P10: =M10*N10 -> 200000 | R10: =I10+J10+K10+L10 -> 6450044 | S10: =I10+J10+K10+L10 -> 6450044 | T10: =IF(R10-S10<0,R10-S10,0) -> 0 | U10: 250000 | V10: =IFERROR(__xludf.DUMMYFUNCTION("VLOOKUP(C10,IMPORTRANGE(""https://docs.google.com/spreadsheets/d/1ZLN5T8y7NSBIP1rvSj6TTUR_vTQbRwUKSt8zZJ_EfE4/edit?gid=461094331#gid=461094331"",""SCHEDULE_SDT_JAN26""),36,0)"),2) -> 2 | W10: =U10*V10 -> 500000 | X10: 0 | Y10: =I10+J10+K10+P10+W10+X10 -> 6950044 | Z10: =IFERROR(__xludf.DUMMYFUNCTION("VLOOKUP(C10,IMPORTRANGE(""https://docs.google.com/spreadsheets/d/1ZLN5T8y7NSBIP1rvSj6TTUR_vTQbRwUKSt8zZJ_EfE4/edit?gid=461094331#gid=461094331"",""SCHEDULE_SDT_JAN26""),38,0)+VLOOKUP(C10,IMPORTRANGE(""https://docs.google.com/spreadsheets/d/1ZLN5T8y7NSBIP1"&"rvSj6TTUR_vTQbRwUKSt8zZJ_EfE4/edit?gid=461094331#gid=461094331"",""SCHEDULE_SDT_JAN26""),39,0)"),0) -> 0 | AA10: =IFERROR(__xludf.DUMMYFUNCTION("VLOOKUP(C10,IMPORTRANGE(""https://docs.google.com/spreadsheets/d/1ZLN5T8y7NSBIP1rvSj6TTUR_vTQbRwUKSt8zZJ_EfE4/edit?gid=461094331#gid=461094331"",""SCHEDULE_SDT_JAN26""),40,0)"),0) -> 0 | AB10: =IFERROR(__xludf.DUMMYFUNCTION("VLOOKUP(C10,IMPORTRANGE(""https://docs.google.com/spreadsheets/d/1ZLN5T8y7NSBIP1rvSj6TTUR_vTQbRwUKSt8zZJ_EfE4/edit?gid=461094331#gid=461094331"",""SCHEDULE_SDT_JAN26""),41,0)"),0) -> 0 | AC10: =IFERROR(__xludf.DUMMYFUNCTION("VLOOKUP(C10,IMPORTRANGE(""https://docs.google.com/spreadsheets/d/1ZLN5T8y7NSBIP1rvSj6TTUR_vTQbRwUKSt8zZJ_EfE4/edit?gid=461094331#gid=461094331"",""SCHEDULE_SDT_JAN26""),42,0)"),0) -> 0 | AD10: =IFERROR(__xludf.DUMMYFUNCTION("VLOOKUP(C10,IMPORTRANGE(""https://docs.google.com/spreadsheets/d/1ZLN5T8y7NSBIP1rvSj6TTUR_vTQbRwUKSt8zZJ_EfE4/edit?gid=461094331#gid=461094331"",""SCHEDULE_SDT_JAN26""),43,0)"),0) -> 0 | AE10: =U10*(Z10+AA10+AD10+(AC10)) -> 0 | AF10: 468468 | AG10: 253500 | AH10: 0 | AI10: 0 | AJ10: 0 | AK10: =AI10-AJ10 -> 0 | AL10: 0 | AM10: =AE10+AF10+AG10+AH10+AJ10+AL10 -> 721968 | AN10: =Y10-AM10 -> 6228076 | AO10: =BE10 -> 66900.124 | AP10: =AN10-AO10 -> 6161175.9 | AQ10: =AP10-X10 -> 6161175.9 | AR10: =IF(AQ10>0,ROUND(AQ10,-2),0) -> 6161200 | AT10: TK/0 | AU10: A | AV10: =I10 -> 5729876 | AW10: =P10 -> 200000 | AX10: =W10 -> 500000 | AY10: 0 | AZ10: =IF(J10=0,0,AV10*0.24%) -> 13751.702 | BA10: =IF(J10=0,0,AV10*0.3%) -> 17189.628 | BB10: =IF(K10=0,0,AV10*4%) -> 229195.04 | BC10: =SUM(AV10:BB10) -> 6690012.4 | BD10: =IF(AU10="C",VLOOKUP(BC10,TER!$J$4:$L$50,3,TRUE),IF(AU10="B",VLOOKUP(BC10,TER!$F$4:$H$50,3,TRUE),IF(AU10="A",VLOOKUP(BC10,TER!$B$4:$D$50,3,TRUE),"ERROR"))) -> 0.01 | BE10: =BC10*BD10 -> 66900.124
B11: 6 | C11: 3213091812990001 | D11: KRISMA HIDAYAT | E11: BRI | F11: 065101021320509 | G11: ANGGOTA | H11: FULL - EXISTING | I11: =IF(H11="FULL - EXISTING",5729876,5729876/O11*N11) -> 5729876 | J11: 316368 | K11: 203800 | L11: 200000 | M11: =L11/O11 -> 9523.8095 | N11: =IFERROR(__xludf.DUMMYFUNCTION("VLOOKUP(C11,IMPORTRANGE(""https://docs.google.com/spreadsheets/d/1ZLN5T8y7NSBIP1rvSj6TTUR_vTQbRwUKSt8zZJ_EfE4/edit?gid=461094331#gid=461094331"",""SCHEDULE_SDT_JAN26""),35,0)"),21) -> 21 | O11: =IFERROR(__xludf.DUMMYFUNCTION("VLOOKUP(C11,IMPORTRANGE(""https://docs.google.com/spreadsheets/d/1ZLN5T8y7NSBIP1rvSj6TTUR_vTQbRwUKSt8zZJ_EfE4/edit?gid=461094331#gid=461094331"",""SCHEDULE_SDT_JAN26""),34,0)"),21) -> 21 | P11: =M11*N11 -> 200000 | R11: =I11+J11+K11+L11 -> 6450044 | S11: =I11+J11+K11+L11 -> 6450044 | T11: =IF(R11-S11<0,R11-S11,0) -> 0 | U11: 250000 | V11: =IFERROR(__xludf.DUMMYFUNCTION("VLOOKUP(C11,IMPORTRANGE(""https://docs.google.com/spreadsheets/d/1ZLN5T8y7NSBIP1rvSj6TTUR_vTQbRwUKSt8zZJ_EfE4/edit?gid=461094331#gid=461094331"",""SCHEDULE_SDT_JAN26""),36,0)"),0) -> 0 | W11: =U11*V11 -> 0 | X11: 0 | Y11: =I11+J11+K11+P11+W11+X11 -> 6450044 | Z11: =IFERROR(__xludf.DUMMYFUNCTION("VLOOKUP(C11,IMPORTRANGE(""https://docs.google.com/spreadsheets/d/1ZLN5T8y7NSBIP1rvSj6TTUR_vTQbRwUKSt8zZJ_EfE4/edit?gid=461094331#gid=461094331"",""SCHEDULE_SDT_JAN26""),38,0)+VLOOKUP(C11,IMPORTRANGE(""https://docs.google.com/spreadsheets/d/1ZLN5T8y7NSBIP1"&"rvSj6TTUR_vTQbRwUKSt8zZJ_EfE4/edit?gid=461094331#gid=461094331"",""SCHEDULE_SDT_JAN26""),39,0)"),0) -> 0 | AA11: =IFERROR(__xludf.DUMMYFUNCTION("VLOOKUP(C11,IMPORTRANGE(""https://docs.google.com/spreadsheets/d/1ZLN5T8y7NSBIP1rvSj6TTUR_vTQbRwUKSt8zZJ_EfE4/edit?gid=461094331#gid=461094331"",""SCHEDULE_SDT_JAN26""),40,0)"),0) -> 0 | AB11: =IFERROR(__xludf.DUMMYFUNCTION("VLOOKUP(C11,IMPORTRANGE(""https://docs.google.com/spreadsheets/d/1ZLN5T8y7NSBIP1rvSj6TTUR_vTQbRwUKSt8zZJ_EfE4/edit?gid=461094331#gid=461094331"",""SCHEDULE_SDT_JAN26""),41,0)"),0) -> 0 | AC11: =IFERROR(__xludf.DUMMYFUNCTION("VLOOKUP(C11,IMPORTRANGE(""https://docs.google.com/spreadsheets/d/1ZLN5T8y7NSBIP1rvSj6TTUR_vTQbRwUKSt8zZJ_EfE4/edit?gid=461094331#gid=461094331"",""SCHEDULE_SDT_JAN26""),42,0)"),0) -> 0 | AD11: =IFERROR(__xludf.DUMMYFUNCTION("VLOOKUP(C11,IMPORTRANGE(""https://docs.google.com/spreadsheets/d/1ZLN5T8y7NSBIP1rvSj6TTUR_vTQbRwUKSt8zZJ_EfE4/edit?gid=461094331#gid=461094331"",""SCHEDULE_SDT_JAN26""),43,0)"),0) -> 0 | AE11: =U11*(Z11+AA11+AD11+(AC11)) -> 0 | AF11: 468468 | AG11: 253500 | AH11: 0 | AI11: 0 | AJ11: 0 | AK11: =AI11-AJ11 -> 0 | AL11: 0 | AM11: =AE11+AF11+AG11+AH11+AJ11+AL11 -> 721968 | AN11: =Y11-AM11 -> 5728076 | AO11: =BE11 -> 0 | AP11: =AN11-AO11 -> 5728076 | AQ11: =AP11-X11 -> 5728076 | AR11: =IF(AQ11>0,ROUND(AQ11,-2),0) -> 5728100 | AT11: K/2 | AU11: B | AV11: =I11 -> 5729876 | AW11: =P11 -> 200000 | AX11: =W11 -> 0 | AY11: 0 | AZ11: =IF(J11=0,0,AV11*0.24%) -> 13751.702 | BA11: =IF(J11=0,0,AV11*0.3%) -> 17189.628 | BB11: =IF(K11=0,0,AV11*4%) -> 229195.04 | BC11: =SUM(AV11:BB11) -> 6190012.4 | BD11: =IF(AU11="C",VLOOKUP(BC11,TER!$J$4:$L$50,3,TRUE),IF(AU11="B",VLOOKUP(BC11,TER!$F$4:$H$50,3,TRUE),IF(AU11="A",VLOOKUP(BC11,TER!$B$4:$D$50,3,TRUE),"ERROR"))) -> 0 | BE11: =BC11*BD11 -> 0
B12: 7 | C12: 5308081606970001 | D12: NURDIN DURI | E12: BRI | F12: 065101021322501 | G12: ANGGOTA | H12: FULL - EXISTING | I12: =IF(H12="FULL - EXISTING",5729876,5729876/O12*N12) -> 5729876 | J12: 316368 | K12: 203800 | L12: 100000 | M12: =L12/O12 -> 4761.9048 | N12: =IFERROR(__xludf.DUMMYFUNCTION("VLOOKUP(C12,IMPORTRANGE(""https://docs.google.com/spreadsheets/d/1ZLN5T8y7NSBIP1rvSj6TTUR_vTQbRwUKSt8zZJ_EfE4/edit?gid=461094331#gid=461094331"",""SCHEDULE_SDT_JAN26""),35,0)"),21) -> 21 | O12: =IFERROR(__xludf.DUMMYFUNCTION("VLOOKUP(C12,IMPORTRANGE(""https://docs.google.com/spreadsheets/d/1ZLN5T8y7NSBIP1rvSj6TTUR_vTQbRwUKSt8zZJ_EfE4/edit?gid=461094331#gid=461094331"",""SCHEDULE_SDT_JAN26""),34,0)"),21) -> 21 | P12: =M12*N12 -> 100000 | R12: =I12+J12+K12+L12 -> 6350044 | S12: =I12+J12+K12+L12 -> 6350044 | T12: =IF(R12-S12<0,R12-S12,0) -> 0 | U12: 250000 | V12: =IFERROR(__xludf.DUMMYFUNCTION("VLOOKUP(C12,IMPORTRANGE(""https://docs.google.com/spreadsheets/d/1ZLN5T8y7NSBIP1rvSj6TTUR_vTQbRwUKSt8zZJ_EfE4/edit?gid=461094331#gid=461094331"",""SCHEDULE_SDT_JAN26""),36,0)"),1) -> 1 | W12: =U12*V12 -> 250000 | X12: 0 | Y12: =I12+J12+K12+P12+W12+X12 -> 6600044 | Z12: =IFERROR(__xludf.DUMMYFUNCTION("VLOOKUP(C12,IMPORTRANGE(""https://docs.google.com/spreadsheets/d/1ZLN5T8y7NSBIP1rvSj6TTUR_vTQbRwUKSt8zZJ_EfE4/edit?gid=461094331#gid=461094331"",""SCHEDULE_SDT_JAN26""),38,0)+VLOOKUP(C12,IMPORTRANGE(""https://docs.google.com/spreadsheets/d/1ZLN5T8y7NSBIP1"&"rvSj6TTUR_vTQbRwUKSt8zZJ_EfE4/edit?gid=461094331#gid=461094331"",""SCHEDULE_SDT_JAN26""),39,0)"),0) -> 0 | AA12: =IFERROR(__xludf.DUMMYFUNCTION("VLOOKUP(C12,IMPORTRANGE(""https://docs.google.com/spreadsheets/d/1ZLN5T8y7NSBIP1rvSj6TTUR_vTQbRwUKSt8zZJ_EfE4/edit?gid=461094331#gid=461094331"",""SCHEDULE_SDT_JAN26""),40,0)"),0) -> 0 | AB12: =IFERROR(__xludf.DUMMYFUNCTION("VLOOKUP(C12,IMPORTRANGE(""https://docs.google.com/spreadsheets/d/1ZLN5T8y7NSBIP1rvSj6TTUR_vTQbRwUKSt8zZJ_EfE4/edit?gid=461094331#gid=461094331"",""SCHEDULE_SDT_JAN26""),41,0)"),0) -> 0 | AC12: =IFERROR(__xludf.DUMMYFUNCTION("VLOOKUP(C12,IMPORTRANGE(""https://docs.google.com/spreadsheets/d/1ZLN5T8y7NSBIP1rvSj6TTUR_vTQbRwUKSt8zZJ_EfE4/edit?gid=461094331#gid=461094331"",""SCHEDULE_SDT_JAN26""),42,0)"),0) -> 0 | AD12: =IFERROR(__xludf.DUMMYFUNCTION("VLOOKUP(C12,IMPORTRANGE(""https://docs.google.com/spreadsheets/d/1ZLN5T8y7NSBIP1rvSj6TTUR_vTQbRwUKSt8zZJ_EfE4/edit?gid=461094331#gid=461094331"",""SCHEDULE_SDT_JAN26""),43,0)"),0) -> 0 | AE12: =U12*(Z12+AA12+AD12+(AC12)) -> 0 | AF12: 468468 | AG12: 253500 | AH12: 0 | AI12: 0 | AJ12: 0 | AK12: =AI12-AJ12 -> 0 | AL12: 0 | AM12: =AE12+AF12+AG12+AH12+AJ12+AL12 -> 721968 | AN12: =Y12-AM12 -> 5878076 | AO12: =BE12 -> 63400.124 | AP12: =AN12-AO12 -> 5814675.9 | AQ12: =AP12-X12 -> 5814675.9 | AR12: =IF(AQ12>0,ROUND(AQ12,-2),0) -> 5814700 | AT12: TK/0 | AU12: A | AV12: =I12 -> 5729876 | AW12: =P12 -> 100000 | AX12: =W12 -> 250000 | AY12: 0 | AZ12: =IF(J12=0,0,AV12*0.24%) -> 13751.702 | BA12: =IF(J12=0,0,AV12*0.3%) -> 17189.628 | BB12: =IF(K12=0,0,AV12*4%) -> 229195.04 | BC12: =SUM(AV12:BB12) -> 6340012.4 | BD12: =IF(AU12="C",VLOOKUP(BC12,TER!$J$4:$L$50,3,TRUE),IF(AU12="B",VLOOKUP(BC12,TER!$F$4:$H$50,3,TRUE),IF(AU12="A",VLOOKUP(BC12,TER!$B$4:$D$50,3,TRUE),"ERROR"))) -> 0.01 | BE12: =BC12*BD12 -> 63400.124
B13: 8 | C13: 5316013103980002 | D13: BENYAMIN GOA | E13: BRI | F13: 065101021323507 | G13: ANGGOTA | H13: FULL - EXISTING | I13: =IF(H13="FULL - EXISTING",5729876,5729876/O13*N13) -> 5729876 | J13: 316368 | K13: 203800 | L13: 200000 | M13: =L13/O13 -> 9523.8095 | N13: =IFERROR(__xludf.DUMMYFUNCTION("VLOOKUP(C13,IMPORTRANGE(""https://docs.google.com/spreadsheets/d/1ZLN5T8y7NSBIP1rvSj6TTUR_vTQbRwUKSt8zZJ_EfE4/edit?gid=461094331#gid=461094331"",""SCHEDULE_SDT_JAN26""),35,0)"),21) -> 21 | O13: =IFERROR(__xludf.DUMMYFUNCTION("VLOOKUP(C13,IMPORTRANGE(""https://docs.google.com/spreadsheets/d/1ZLN5T8y7NSBIP1rvSj6TTUR_vTQbRwUKSt8zZJ_EfE4/edit?gid=461094331#gid=461094331"",""SCHEDULE_SDT_JAN26""),34,0)"),21) -> 21 | P13: =M13*N13 -> 200000 | R13: =I13+J13+K13+L13 -> 6450044 | S13: =I13+J13+K13+L13 -> 6450044 | T13: =IF(R13-S13<0,R13-S13,0) -> 0 | U13: 250000 | V13: =IFERROR(__xludf.DUMMYFUNCTION("VLOOKUP(C13,IMPORTRANGE(""https://docs.google.com/spreadsheets/d/1ZLN5T8y7NSBIP1rvSj6TTUR_vTQbRwUKSt8zZJ_EfE4/edit?gid=461094331#gid=461094331"",""SCHEDULE_SDT_JAN26""),36,0)"),1) -> 1 | W13: =U13*V13 -> 250000 | X13: 0 | Y13: =I13+J13+K13+P13+W13+X13 -> 6700044 | Z13: =IFERROR(__xludf.DUMMYFUNCTION("VLOOKUP(C13,IMPORTRANGE(""https://docs.google.com/spreadsheets/d/1ZLN5T8y7NSBIP1rvSj6TTUR_vTQbRwUKSt8zZJ_EfE4/edit?gid=461094331#gid=461094331"",""SCHEDULE_SDT_JAN26""),38,0)+VLOOKUP(C13,IMPORTRANGE(""https://docs.google.com/spreadsheets/d/1ZLN5T8y7NSBIP1"&"rvSj6TTUR_vTQbRwUKSt8zZJ_EfE4/edit?gid=461094331#gid=461094331"",""SCHEDULE_SDT_JAN26""),39,0)"),0) -> 0 | AA13: =IFERROR(__xludf.DUMMYFUNCTION("VLOOKUP(C13,IMPORTRANGE(""https://docs.google.com/spreadsheets/d/1ZLN5T8y7NSBIP1rvSj6TTUR_vTQbRwUKSt8zZJ_EfE4/edit?gid=461094331#gid=461094331"",""SCHEDULE_SDT_JAN26""),40,0)"),0) -> 0 | AB13: =IFERROR(__xludf.DUMMYFUNCTION("VLOOKUP(C13,IMPORTRANGE(""https://docs.google.com/spreadsheets/d/1ZLN5T8y7NSBIP1rvSj6TTUR_vTQbRwUKSt8zZJ_EfE4/edit?gid=461094331#gid=461094331"",""SCHEDULE_SDT_JAN26""),41,0)"),0) -> 0 | AC13: =IFERROR(__xludf.DUMMYFUNCTION("VLOOKUP(C13,IMPORTRANGE(""https://docs.google.com/spreadsheets/d/1ZLN5T8y7NSBIP1rvSj6TTUR_vTQbRwUKSt8zZJ_EfE4/edit?gid=461094331#gid=461094331"",""SCHEDULE_SDT_JAN26""),42,0)"),0) -> 0 | AD13: =IFERROR(__xludf.DUMMYFUNCTION("VLOOKUP(C13,IMPORTRANGE(""https://docs.google.com/spreadsheets/d/1ZLN5T8y7NSBIP1rvSj6TTUR_vTQbRwUKSt8zZJ_EfE4/edit?gid=461094331#gid=461094331"",""SCHEDULE_SDT_JAN26""),43,0)"),0) -> 0 | AE13: =U13*(Z13+AA13+AD13+(AC13)) -> 0 | AF13: 468468 | AG13: 253500 | AH13: 0 | AI13: 0 | AJ13: 0 | AK13: =AI13-AJ13 -> 0 | AL13: 0 | AM13: =AE13+AF13+AG13+AH13+AJ13+AL13 -> 721968 | AN13: =Y13-AM13 -> 5978076 | AO13: =BE13 -> 64400.124 | AP13: =AN13-AO13 -> 5913675.9 | AQ13: =AP13-X13 -> 5913675.9 | AR13: =IF(AQ13>0,ROUND(AQ13,-2),0) -> 5913700 | AT13: TK/0 | AU13: A | AV13: =I13 -> 5729876 | AW13: =P13 -> 200000 | AX13: =W13 -> 250000 | AY13: 0 | AZ13: =IF(J13=0,0,AV13*0.24%) -> 13751.702 | BA13: =IF(J13=0,0,AV13*0.3%) -> 17189.628 | BB13: =IF(K13=0,0,AV13*4%) -> 229195.04 | BC13: =SUM(AV13:BB13) -> 6440012.4 | BD13: =IF(AU13="C",VLOOKUP(BC13,TER!$J$4:$L$50,3,TRUE),IF(AU13="B",VLOOKUP(BC13,TER!$F$4:$H$50,3,TRUE),IF(AU13="A",VLOOKUP(BC13,TER!$B$4:$D$50,3,TRUE),"ERROR"))) -> 0.01 | BE13: =BC13*BD13 -> 64400.124
B14: 9 | C14: 3175062304010010 | D14: ALFIYAN | E14: BRI | F14: 065101021324503 | G14: ANGGOTA | H14: FULL - EXISTING | I14: =IF(H14="FULL - EXISTING",5729876,5729876/O14*N14) -> 5729876 | J14: 316368 | K14: 203800 | L14: 100000 | M14: =L14/O14 -> 4761.9048 | N14: =IFERROR(__xludf.DUMMYFUNCTION("VLOOKUP(C14,IMPORTRANGE(""https://docs.google.com/spreadsheets/d/1ZLN5T8y7NSBIP1rvSj6TTUR_vTQbRwUKSt8zZJ_EfE4/edit?gid=461094331#gid=461094331"",""SCHEDULE_SDT_JAN26""),35,0)"),11) -> 11 | O14: =IFERROR(__xludf.DUMMYFUNCTION("VLOOKUP(C14,IMPORTRANGE(""https://docs.google.com/spreadsheets/d/1ZLN5T8y7NSBIP1rvSj6TTUR_vTQbRwUKSt8zZJ_EfE4/edit?gid=461094331#gid=461094331"",""SCHEDULE_SDT_JAN26""),34,0)"),21) -> 21 | P14: =M14*N14 -> 52380.952 | R14: =I14+J14+K14+L14 -> 6350044 | S14: =I14+J14+K14+L14 -> 6350044 | T14: =IF(R14-S14<0,R14-S14,0) -> 0 | U14: 250000 | V14: =IFERROR(__xludf.DUMMYFUNCTION("VLOOKUP(C14,IMPORTRANGE(""https://docs.google.com/spreadsheets/d/1ZLN5T8y7NSBIP1rvSj6TTUR_vTQbRwUKSt8zZJ_EfE4/edit?gid=461094331#gid=461094331"",""SCHEDULE_SDT_JAN26""),36,0)"),0) -> 0 | W14: =U14*V14 -> 0 | X14: 0 | Y14: =I14+J14+K14+P14+W14+X14 -> 6302425 | Z14: =IFERROR(__xludf.DUMMYFUNCTION("VLOOKUP(C14,IMPORTRANGE(""https://docs.google.com/spreadsheets/d/1ZLN5T8y7NSBIP1rvSj6TTUR_vTQbRwUKSt8zZJ_EfE4/edit?gid=461094331#gid=461094331"",""SCHEDULE_SDT_JAN26""),38,0)+VLOOKUP(C14,IMPORTRANGE(""https://docs.google.com/spreadsheets/d/1ZLN5T8y7NSBIP1"&"rvSj6TTUR_vTQbRwUKSt8zZJ_EfE4/edit?gid=461094331#gid=461094331"",""SCHEDULE_SDT_JAN26""),39,0)"),1) -> 1 | AA14: =IFERROR(__xludf.DUMMYFUNCTION("VLOOKUP(C14,IMPORTRANGE(""https://docs.google.com/spreadsheets/d/1ZLN5T8y7NSBIP1rvSj6TTUR_vTQbRwUKSt8zZJ_EfE4/edit?gid=461094331#gid=461094331"",""SCHEDULE_SDT_JAN26""),40,0)"),4) -> 4 | AB14: =IFERROR(__xludf.DUMMYFUNCTION("VLOOKUP(C14,IMPORTRANGE(""https://docs.google.com/spreadsheets/d/1ZLN5T8y7NSBIP1rvSj6TTUR_vTQbRwUKSt8zZJ_EfE4/edit?gid=461094331#gid=461094331"",""SCHEDULE_SDT_JAN26""),41,0)"),0) -> 0 | AC14: =IFERROR(__xludf.DUMMYFUNCTION("VLOOKUP(C14,IMPORTRANGE(""https://docs.google.com/spreadsheets/d/1ZLN5T8y7NSBIP1rvSj6TTUR_vTQbRwUKSt8zZJ_EfE4/edit?gid=461094331#gid=461094331"",""SCHEDULE_SDT_JAN26""),42,0)"),0) -> 0 | AD14: =IFERROR(__xludf.DUMMYFUNCTION("VLOOKUP(C14,IMPORTRANGE(""https://docs.google.com/spreadsheets/d/1ZLN5T8y7NSBIP1rvSj6TTUR_vTQbRwUKSt8zZJ_EfE4/edit?gid=461094331#gid=461094331"",""SCHEDULE_SDT_JAN26""),43,0)"),0) -> 0 | AE14: =U14*(Z14+AA14+AD14+(AC14)) -> 1250000 | AF14: 468468 | AG14: 253500 | AH14: 1000000 | AI14: 0 | AJ14: 0 | AK14: =AI14-AJ14 -> 0 | AL14: 0 | AM14: =AE14+AF14+AG14+AH14+AJ14+AL14 -> 2971968 | AN14: =Y14-AM14 -> 3330457 | AO14: =BE14 -> 45317.95 | AP14: =AN14-AO14 -> 3285139 | AQ14: =AP14-X14 -> 3285139 | AR14: =IF(AQ14>0,ROUND(AQ14,-2),0) -> 3285100 | AT14: TK/0 | AU14: A | AV14: =I14 -> 5729876 | AW14: =P14 -> 52380.952 | AX14: =W14 -> 0 | AY14: 0 | AZ14: =IF(J14=0,0,AV14*0.24%) -> 13751.702 | BA14: =IF(J14=0,0,AV14*0.3%) -> 17189.628 | BB14: =IF(K14=0,0,AV14*4%) -> 229195.04 | BC14: =SUM(AV14:BB14) -> 6042393.3 | BD14: =IF(AU14="C",VLOOKUP(BC14,TER!$J$4:$L$50,3,TRUE),IF(AU14="B",VLOOKUP(BC14,TER!$F$4:$H$50,3,TRUE),IF(AU14="A",VLOOKUP(BC14,TER!$B$4:$D$50,3,TRUE),"ERROR"))) -> 0.0075 | BE14: =BC14*BD14 -> 45317.95
B15: 10 | C15: 1771041503900005 | D15: RADITYO FIKRI NUGROHO | E15: BRI | F15: 065101021361505 | G15: SHIFT LEADER | H15: FULL - EXISTING | I15: =IF(H15="FULL - EXISTING",5729876,5729876/O15*N15) -> 5729876 | J15: 316368 | K15: 203800 | L15: 2000000 | M15: =L15/O15 -> 95238.095 | N15: =IFERROR(__xludf.DUMMYFUNCTION("VLOOKUP(C15,IMPORTRANGE(""https://docs.google.com/spreadsheets/d/1ZLN5T8y7NSBIP1rvSj6TTUR_vTQbRwUKSt8zZJ_EfE4/edit?gid=461094331#gid=461094331"",""SCHEDULE_SDT_JAN26""),35,0)"),2) -> 2 | O15: =IFERROR(__xludf.DUMMYFUNCTION("VLOOKUP(C15,IMPORTRANGE(""https://docs.google.com/spreadsheets/d/1ZLN5T8y7NSBIP1rvSj6TTUR_vTQbRwUKSt8zZJ_EfE4/edit?gid=461094331#gid=461094331"",""SCHEDULE_SDT_JAN26""),34,0)"),21) -> 21 | P15: =M15*N15 -> 190476.19 | R15: =I15+J15+K15+L15 -> 8250044 | S15: =I15+J15+K15+L15 -> 8250044 | T15: =IF(R15-S15<0,R15-S15,0) -> 0 | U15: 250000 | V15: =IFERROR(__xludf.DUMMYFUNCTION("VLOOKUP(C15,IMPORTRANGE(""https://docs.google.com/spreadsheets/d/1ZLN5T8y7NSBIP1rvSj6TTUR_vTQbRwUKSt8zZJ_EfE4/edit?gid=461094331#gid=461094331"",""SCHEDULE_SDT_JAN26""),36,0)"),0) -> 0 | W15: =U15*V15 -> 0 | X15: 0 | Y15: =I15+J15+K15+P15+W15+X15 -> 6440520.2 | Z15: =IFERROR(__xludf.DUMMYFUNCTION("VLOOKUP(C15,IMPORTRANGE(""https://docs.google.com/spreadsheets/d/1ZLN5T8y7NSBIP1rvSj6TTUR_vTQbRwUKSt8zZJ_EfE4/edit?gid=461094331#gid=461094331"",""SCHEDULE_SDT_JAN26""),38,0)+VLOOKUP(C15,IMPORTRANGE(""https://docs.google.com/spreadsheets/d/1ZLN5T8y7NSBIP1"&"rvSj6TTUR_vTQbRwUKSt8zZJ_EfE4/edit?gid=461094331#gid=461094331"",""SCHEDULE_SDT_JAN26""),39,0)"),0) -> 0 | AA15: =IFERROR(__xludf.DUMMYFUNCTION("VLOOKUP(C15,IMPORTRANGE(""https://docs.google.com/spreadsheets/d/1ZLN5T8y7NSBIP1rvSj6TTUR_vTQbRwUKSt8zZJ_EfE4/edit?gid=461094331#gid=461094331"",""SCHEDULE_SDT_JAN26""),40,0)"),0) -> 0 | AB15: =IFERROR(__xludf.DUMMYFUNCTION("VLOOKUP(C15,IMPORTRANGE(""https://docs.google.com/spreadsheets/d/1ZLN5T8y7NSBIP1rvSj6TTUR_vTQbRwUKSt8zZJ_EfE4/edit?gid=461094331#gid=461094331"",""SCHEDULE_SDT_JAN26""),41,0)"),0) -> 0 | AC15: =IFERROR(__xludf.DUMMYFUNCTION("VLOOKUP(C15,IMPORTRANGE(""https://docs.google.com/spreadsheets/d/1ZLN5T8y7NSBIP1rvSj6TTUR_vTQbRwUKSt8zZJ_EfE4/edit?gid=461094331#gid=461094331"",""SCHEDULE_SDT_JAN26""),42,0)"),0) -> 0 | AD15: =IFERROR(__xludf.DUMMYFUNCTION("VLOOKUP(C15,IMPORTRANGE(""https://docs.google.com/spreadsheets/d/1ZLN5T8y7NSBIP1rvSj6TTUR_vTQbRwUKSt8zZJ_EfE4/edit?gid=461094331#gid=461094331"",""SCHEDULE_SDT_JAN26""),43,0)"),0) -> 0 | AE15: =U15*(Z15+AA15+AD15+(AC15)) -> 0 | AF15: 468468 | AG15: 253500 | AH15: 0 | AI15: 0 | AJ15: 0 | AK15: =AI15-AJ15 -> 0 | AL15: 0 | AM15: =AE15+AF15+AG15+AH15+AJ15+AL15 -> 721968 | AN15: =Y15-AM15 -> 5718552.2 | AO15: =BE15 -> 46353.664 | AP15: =AN15-AO15 -> 5672198.5 | AQ15: =AP15-X15 -> 5672198.5 | AR15: =IF(AQ15>0,ROUND(AQ15,-2),0) -> 5672200 | AT15: TK/0 | AU15: A | AV15: =I15 -> 5729876 | AW15: =P15 -> 190476.19 | AX15: =W15 -> 0 | AY15: 0 | AZ15: =IF(J15=0,0,AV15*0.24%) -> 13751.702 | BA15: =IF(J15=0,0,AV15*0.3%) -> 17189.628 | BB15: =IF(K15=0,0,AV15*4%) -> 229195.04 | BC15: =SUM(AV15:BB15) -> 6180488.6 | BD15: =IF(AU15="C",VLOOKUP(BC15,TER!$J$4:$L$50,3,TRUE),IF(AU15="B",VLOOKUP(BC15,TER!$F$4:$H$50,3,TRUE),IF(AU15="A",VLOOKUP(BC15,TER!$B$4:$D$50,3,TRUE),"ERROR"))) -> 0.0075 | BE15: =BC15*BD15 -> 46353.664
B16: 10 A | C16: 1771041503900005 A | D16: RADITYO FIKRI NUGROHO | E16: BRI | F16: 065101021361505 | G16: PLT CHIEF | H16: PRORATE - MASUK | L16: 2750000 | M16: =L16/O16 -> 137500 | N16: =IFERROR(__xludf.DUMMYFUNCTION("VLOOKUP(C16,IMPORTRANGE(""https://docs.google.com/spreadsheets/d/1ZLN5T8y7NSBIP1rvSj6TTUR_vTQbRwUKSt8zZJ_EfE4/edit?gid=461094331#gid=461094331"",""SCHEDULE_SDT_JAN26""),35,0)"),19) -> 19 | O16: 20 | P16: =M16*N16 -> 2612500 | R16: =I16+J16+K16+L16 -> 2750000 | S16: =I16+J16+K16+L16 -> 2750000 | T16: =IF(R16-S16<0,R16-S16,0) -> 0 | U16: 250000 | V16: =IFERROR(__xludf.DUMMYFUNCTION("VLOOKUP(C16,IMPORTRANGE(""https://docs.google.com/spreadsheets/d/1ZLN5T8y7NSBIP1rvSj6TTUR_vTQbRwUKSt8zZJ_EfE4/edit?gid=461094331#gid=461094331"",""SCHEDULE_SDT_JAN26""),36,0)"),0) -> 0 | W16: =U16*V16 -> 0 | X16: 0 | Y16: =I16+J16+K16+P16+W16+X16 -> 2612500 | Z16: =IFERROR(__xludf.DUMMYFUNCTION("VLOOKUP(C16,IMPORTRANGE(""https://docs.google.com/spreadsheets/d/1ZLN5T8y7NSBIP1rvSj6TTUR_vTQbRwUKSt8zZJ_EfE4/edit?gid=461094331#gid=461094331"",""SCHEDULE_SDT_JAN26""),38,0)+VLOOKUP(C16,IMPORTRANGE(""https://docs.google.com/spreadsheets/d/1ZLN5T8y7NSBIP1"&"rvSj6TTUR_vTQbRwUKSt8zZJ_EfE4/edit?gid=461094331#gid=461094331"",""SCHEDULE_SDT_JAN26""),39,0)"),0) -> 0 | AA16: =IFERROR(__xludf.DUMMYFUNCTION("VLOOKUP(C16,IMPORTRANGE(""https://docs.google.com/spreadsheets/d/1ZLN5T8y7NSBIP1rvSj6TTUR_vTQbRwUKSt8zZJ_EfE4/edit?gid=461094331#gid=461094331"",""SCHEDULE_SDT_JAN26""),40,0)"),0) -> 0 | AB16: =IFERROR(__xludf.DUMMYFUNCTION("VLOOKUP(C16,IMPORTRANGE(""https://docs.google.com/spreadsheets/d/1ZLN5T8y7NSBIP1rvSj6TTUR_vTQbRwUKSt8zZJ_EfE4/edit?gid=461094331#gid=461094331"",""SCHEDULE_SDT_JAN26""),41,0)"),0) -> 0 | AC16: =IFERROR(__xludf.DUMMYFUNCTION("VLOOKUP(C16,IMPORTRANGE(""https://docs.google.com/spreadsheets/d/1ZLN5T8y7NSBIP1rvSj6TTUR_vTQbRwUKSt8zZJ_EfE4/edit?gid=461094331#gid=461094331"",""SCHEDULE_SDT_JAN26""),42,0)"),0) -> 0 | AD16: =IFERROR(__xludf.DUMMYFUNCTION("VLOOKUP(C16,IMPORTRANGE(""https://docs.google.com/spreadsheets/d/1ZLN5T8y7NSBIP1rvSj6TTUR_vTQbRwUKSt8zZJ_EfE4/edit?gid=461094331#gid=461094331"",""SCHEDULE_SDT_JAN26""),43,0)"),0) -> 0 | AE16: =U16*(Z16+AA16+AD16+(AC16)) -> 0 | AH16: 0 | AI16: 0 | AJ16: 0 | AK16: =AI16-AJ16 -> 0 | AL16: 0 | AM16: =AE16+AF16+AG16+AH16+AJ16+AL16 -> 0 | AN16: =Y16-AM16 -> 2612500 | AO16: =BE16 -> 0 | AP16: =AN16-AO16 -> 2612500 | AQ16: =AP16-X16 -> 2612500 | AR16: =IF(AQ16>0,ROUND(AQ16,-2),0) -> 2612500
B17: 11 | C17: 1801071805870002 | D17: SARDA | E17: BRI | F17: 065101021325509 | G17: ANGGOTA | H17: FULL - EXISTING | I17: =IF(H17="FULL - EXISTING",5729876,5729876/O17*N17) -> 5729876 | J17: 316368 | K17: 203800 | L17: 1000000 | M17: =L17/O17 -> 47619.048 | N17: =IFERROR(__xludf.DUMMYFUNCTION("VLOOKUP(C17,IMPORTRANGE(""https://docs.google.com/spreadsheets/d/1ZLN5T8y7NSBIP1rvSj6TTUR_vTQbRwUKSt8zZJ_EfE4/edit?gid=461094331#gid=461094331"",""SCHEDULE_SDT_JAN26""),35,0)"),21) -> 21 | O17: =IFERROR(__xludf.DUMMYFUNCTION("VLOOKUP(C17,IMPORTRANGE(""https://docs.google.com/spreadsheets/d/1ZLN5T8y7NSBIP1rvSj6TTUR_vTQbRwUKSt8zZJ_EfE4/edit?gid=461094331#gid=461094331"",""SCHEDULE_SDT_JAN26""),34,0)"),21) -> 21 | P17: =M17*N17 -> 1000000 | R17: =I17+J17+K17+L17 -> 7250044 | S17: =I17+J17+K17+L17 -> 7250044 | T17: =IF(R17-S17<0,R17-S17,0) -> 0 | U17: 250000 | V17: =IFERROR(__xludf.DUMMYFUNCTION("VLOOKUP(C17,IMPORTRANGE(""https://docs.google.com/spreadsheets/d/1ZLN5T8y7NSBIP1rvSj6TTUR_vTQbRwUKSt8zZJ_EfE4/edit?gid=461094331#gid=461094331"",""SCHEDULE_SDT_JAN26""),36,0)"),1) -> 1 | W17: =U17*V17 -> 250000 | X17: 0 | Y17: =I17+J17+K17+P17+W17+X17 -> 7500044 | Z17: =IFERROR(__xludf.DUMMYFUNCTION("VLOOKUP(C17,IMPORTRANGE(""https://docs.google.com/spreadsheets/d/1ZLN5T8y7NSBIP1rvSj6TTUR_vTQbRwUKSt8zZJ_EfE4/edit?gid=461094331#gid=461094331"",""SCHEDULE_SDT_JAN26""),38,0)+VLOOKUP(C17,IMPORTRANGE(""https://docs.google.com/spreadsheets/d/1ZLN5T8y7NSBIP1"&"rvSj6TTUR_vTQbRwUKSt8zZJ_EfE4/edit?gid=461094331#gid=461094331"",""SCHEDULE_SDT_JAN26""),39,0)"),0) -> 0 | AA17: =IFERROR(__xludf.DUMMYFUNCTION("VLOOKUP(C17,IMPORTRANGE(""https://docs.google.com/spreadsheets/d/1ZLN5T8y7NSBIP1rvSj6TTUR_vTQbRwUKSt8zZJ_EfE4/edit?gid=461094331#gid=461094331"",""SCHEDULE_SDT_JAN26""),40,0)"),0) -> 0 | AB17: =IFERROR(__xludf.DUMMYFUNCTION("VLOOKUP(C17,IMPORTRANGE(""https://docs.google.com/spreadsheets/d/1ZLN5T8y7NSBIP1rvSj6TTUR_vTQbRwUKSt8zZJ_EfE4/edit?gid=461094331#gid=461094331"",""SCHEDULE_SDT_JAN26""),41,0)"),0) -> 0 | AC17: =IFERROR(__xludf.DUMMYFUNCTION("VLOOKUP(C17,IMPORTRANGE(""https://docs.google.com/spreadsheets/d/1ZLN5T8y7NSBIP1rvSj6TTUR_vTQbRwUKSt8zZJ_EfE4/edit?gid=461094331#gid=461094331"",""SCHEDULE_SDT_JAN26""),42,0)"),0) -> 0 | AD17: =IFERROR(__xludf.DUMMYFUNCTION("VLOOKUP(C17,IMPORTRANGE(""https://docs.google.com/spreadsheets/d/1ZLN5T8y7NSBIP1rvSj6TTUR_vTQbRwUKSt8zZJ_EfE4/edit?gid=461094331#gid=461094331"",""SCHEDULE_SDT_JAN26""),43,0)"),0) -> 0 | AE17: =U17*(Z17+AA17+AD17+(AC17)) -> 0 | AF17: 468468 | AG17: 253500 | AH17: 0 | AI17: 0 | AJ17: 0 | AK17: =AI17-AJ17 -> 0 | AL17: 0 | AM17: =AE17+AF17+AG17+AH17+AJ17+AL17 -> 721968 | AN17: =Y17-AM17 -> 6778076 | AO17: =BE17 -> 90500.155 | AP17: =AN17-AO17 -> 6687575.8 | AQ17: =AP17-X17 -> 6687575.8 | AR17: =IF(AQ17>0,ROUND(AQ17,-2),0) -> 6687600 | AT17: TK/0 | AU17: A | AV17: =I17 -> 5729876 | AW17: =P17 -> 1000000 | AX17: =W17 -> 250000 | AY17: 0 | AZ17: =IF(J17=0,0,AV17*0.24%) -> 13751.702 | BA17: =IF(J17=0,0,AV17*0.3%) -> 17189.628 | BB17: =IF(K17=0,0,AV17*4%) -> 229195.04 | BC17: =SUM(AV17:BB17) -> 7240012.4 | BD17: =IF(AU17="C",VLOOKUP(BC17,TER!$J$4:$L$50,3,TRUE),IF(AU17="B",VLOOKUP(BC17,TER!$F$4:$H$50,3,TRUE),IF(AU17="A",VLOOKUP(BC17,TER!$B$4:$D$50,3,TRUE),"ERROR"))) -> 0.0125 | BE17: =BC17*BD17 -> 90500.155
B18: 12 | C18: 3172030708790016 | D18: WAL ASRI | E18: BRI | F18: 065101021358502 | G18: ANGGOTA | H18: FULL - EXISTING | I18: =IF(H18="FULL - EXISTING",5729876,5729876/O18*N18) -> 5729876 | J18: 316368 | K18: 203800 | L18: 1000000 | M18: =L18/O18 -> 47619.048 | N18: =IFERROR(__xludf.DUMMYFUNCTION("VLOOKUP(C18,IMPORTRANGE(""https://docs.google.com/spreadsheets/d/1ZLN5T8y7NSBIP1rvSj6TTUR_vTQbRwUKSt8zZJ_EfE4/edit?gid=461094331#gid=461094331"",""SCHEDULE_SDT_JAN26""),35,0)"),20) -> 20 | O18: =IFERROR(__xludf.DUMMYFUNCTION("VLOOKUP(C18,IMPORTRANGE(""https://docs.google.com/spreadsheets/d/1ZLN5T8y7NSBIP1rvSj6TTUR_vTQbRwUKSt8zZJ_EfE4/edit?gid=461094331#gid=461094331"",""SCHEDULE_SDT_JAN26""),34,0)"),21) -> 21 | P18: =M18*N18 -> 952380.95 | R18: =I18+J18+K18+L18 -> 7250044 | S18: =I18+J18+K18+L18 -> 7250044 | T18: =IF(R18-S18<0,R18-S18,0) -> 0 | U18: 250000 | V18: =IFERROR(__xludf.DUMMYFUNCTION("VLOOKUP(C18,IMPORTRANGE(""https://docs.google.com/spreadsheets/d/1ZLN5T8y7NSBIP1rvSj6TTUR_vTQbRwUKSt8zZJ_EfE4/edit?gid=461094331#gid=461094331"",""SCHEDULE_SDT_JAN26""),36,0)"),1) -> 1 | W18: =U18*V18 -> 250000 | X18: 0 | Y18: =I18+J18+K18+P18+W18+X18 -> 7452425 | Z18: =IFERROR(__xludf.DUMMYFUNCTION("VLOOKUP(C18,IMPORTRANGE(""https://docs.google.com/spreadsheets/d/1ZLN5T8y7NSBIP1rvSj6TTUR_vTQbRwUKSt8zZJ_EfE4/edit?gid=461094331#gid=461094331"",""SCHEDULE_SDT_JAN26""),38,0)+VLOOKUP(C18,IMPORTRANGE(""https://docs.google.com/spreadsheets/d/1ZLN5T8y7NSBIP1"&"rvSj6TTUR_vTQbRwUKSt8zZJ_EfE4/edit?gid=461094331#gid=461094331"",""SCHEDULE_SDT_JAN26""),39,0)"),0) -> 0 | AA18: =IFERROR(__xludf.DUMMYFUNCTION("VLOOKUP(C18,IMPORTRANGE(""https://docs.google.com/spreadsheets/d/1ZLN5T8y7NSBIP1rvSj6TTUR_vTQbRwUKSt8zZJ_EfE4/edit?gid=461094331#gid=461094331"",""SCHEDULE_SDT_JAN26""),40,0)"),1) -> 1 | AB18: =IFERROR(__xludf.DUMMYFUNCTION("VLOOKUP(C18,IMPORTRANGE(""https://docs.google.com/spreadsheets/d/1ZLN5T8y7NSBIP1rvSj6TTUR_vTQbRwUKSt8zZJ_EfE4/edit?gid=461094331#gid=461094331"",""SCHEDULE_SDT_JAN26""),41,0)"),0) -> 0 | AC18: =IFERROR(__xludf.DUMMYFUNCTION("VLOOKUP(C18,IMPORTRANGE(""https://docs.google.com/spreadsheets/d/1ZLN5T8y7NSBIP1rvSj6TTUR_vTQbRwUKSt8zZJ_EfE4/edit?gid=461094331#gid=461094331"",""SCHEDULE_SDT_JAN26""),42,0)"),0) -> 0 | AD18: =IFERROR(__xludf.DUMMYFUNCTION("VLOOKUP(C18,IMPORTRANGE(""https://docs.google.com/spreadsheets/d/1ZLN5T8y7NSBIP1rvSj6TTUR_vTQbRwUKSt8zZJ_EfE4/edit?gid=461094331#gid=461094331"",""SCHEDULE_SDT_JAN26""),43,0)"),0) -> 0 | AE18: =U18*(Z18+AA18+AD18+(AC18)) -> 250000 | AF18: 468468 | AG18: 253500 | AH18: 0 | AI18: 0 | AJ18: 0 | AK18: =AI18-AJ18 -> 0 | AL18: 0 | AM18: =AE18+AF18+AG18+AH18+AJ18+AL18 -> 971968 | AN18: =Y18-AM18 -> 6480457 | AO18: =BE18 -> 53942.95 | AP18: =AN18-AO18 -> 6426514 | AQ18: =AP18-X18 -> 6426514 | AR18: =IF(AQ18>0,ROUND(AQ18,-2),0) -> 6426500 | AT18: K/2 | AU18: B | AV18: =I18 -> 5729876 | AW18: =P18 -> 952380.95 | AX18: =W18 -> 250000 | AY18: 0 | AZ18: =IF(J18=0,0,AV18*0.24%) -> 13751.702 | BA18: =IF(J18=0,0,AV18*0.3%) -> 17189.628 | BB18: =IF(K18=0,0,AV18*4%) -> 229195.04 | BC18: =SUM(AV18:BB18) -> 7192393.3 | BD18: =IF(AU18="C",VLOOKUP(BC18,TER!$J$4:$L$50,3,TRUE),IF(AU18="B",VLOOKUP(BC18,TER!$F$4:$H$50,3,TRUE),IF(AU18="A",VLOOKUP(BC18,TER!$B$4:$D$50,3,TRUE),"ERROR"))) -> 0.0075 | BE18: =BC18*BD18 -> 53942.95
B19: 13 | C19: 3172033008040012 | D19: BAGUS SETIAWAN | E19: BRI | F19: 065101021326505 | G19: ANGGOTA | H19: FULL - EXISTING | I19: =IF(H19="FULL - EXISTING",5729876,5729876/O19*N19) -> 5729876 | J19: 316368 | K19: 203800 | L19: 100000 | M19: =L19/O19 -> 4761.9048 | N19: =IFERROR(__xludf.DUMMYFUNCTION("VLOOKUP(C19,IMPORTRANGE(""https://docs.google.com/spreadsheets/d/1ZLN5T8y7NSBIP1rvSj6TTUR_vTQbRwUKSt8zZJ_EfE4/edit?gid=461094331#gid=461094331"",""SCHEDULE_SDT_JAN26""),35,0)"),20) -> 20 | O19: =IFERROR(__xludf.DUMMYFUNCTION("VLOOKUP(C19,IMPORTRANGE(""https://docs.google.com/spreadsheets/d/1ZLN5T8y7NSBIP1rvSj6TTUR_vTQbRwUKSt8zZJ_EfE4/edit?gid=461094331#gid=461094331"",""SCHEDULE_SDT_JAN26""),34,0)"),21) -> 21 | P19: =M19*N19 -> 95238.095 | R19: =I19+J19+K19+L19 -> 6350044 | S19: =I19+J19+K19+L19 -> 6350044 | T19: =IF(R19-S19<0,R19-S19,0) -> 0 | U19: 250000 | V19: =IFERROR(__xludf.DUMMYFUNCTION("VLOOKUP(C19,IMPORTRANGE(""https://docs.google.com/spreadsheets/d/1ZLN5T8y7NSBIP1rvSj6TTUR_vTQbRwUKSt8zZJ_EfE4/edit?gid=461094331#gid=461094331"",""SCHEDULE_SDT_JAN26""),36,0)"),1) -> 1 | W19: =U19*V19 -> 250000 | X19: 0 | Y19: =I19+J19+K19+P19+W19+X19 -> 6595282.1 | Z19: =IFERROR(__xludf.DUMMYFUNCTION("VLOOKUP(C19,IMPORTRANGE(""https://docs.google.com/spreadsheets/d/1ZLN5T8y7NSBIP1rvSj6TTUR_vTQbRwUKSt8zZJ_EfE4/edit?gid=461094331#gid=461094331"",""SCHEDULE_SDT_JAN26""),38,0)+VLOOKUP(C19,IMPORTRANGE(""https://docs.google.com/spreadsheets/d/1ZLN5T8y7NSBIP1"&"rvSj6TTUR_vTQbRwUKSt8zZJ_EfE4/edit?gid=461094331#gid=461094331"",""SCHEDULE_SDT_JAN26""),39,0)"),0) -> 0 | AA19: =IFERROR(__xludf.DUMMYFUNCTION("VLOOKUP(C19,IMPORTRANGE(""https://docs.google.com/spreadsheets/d/1ZLN5T8y7NSBIP1rvSj6TTUR_vTQbRwUKSt8zZJ_EfE4/edit?gid=461094331#gid=461094331"",""SCHEDULE_SDT_JAN26""),40,0)"),1) -> 1 | AB19: =IFERROR(__xludf.DUMMYFUNCTION("VLOOKUP(C19,IMPORTRANGE(""https://docs.google.com/spreadsheets/d/1ZLN5T8y7NSBIP1rvSj6TTUR_vTQbRwUKSt8zZJ_EfE4/edit?gid=461094331#gid=461094331"",""SCHEDULE_SDT_JAN26""),41,0)"),0) -> 0 | AC19: =IFERROR(__xludf.DUMMYFUNCTION("VLOOKUP(C19,IMPORTRANGE(""https://docs.google.com/spreadsheets/d/1ZLN5T8y7NSBIP1rvSj6TTUR_vTQbRwUKSt8zZJ_EfE4/edit?gid=461094331#gid=461094331"",""SCHEDULE_SDT_JAN26""),42,0)"),0) -> 0 | AD19: =IFERROR(__xludf.DUMMYFUNCTION("VLOOKUP(C19,IMPORTRANGE(""https://docs.google.com/spreadsheets/d/1ZLN5T8y7NSBIP1rvSj6TTUR_vTQbRwUKSt8zZJ_EfE4/edit?gid=461094331#gid=461094331"",""SCHEDULE_SDT_JAN26""),43,0)"),0) -> 0 | AE19: =U19*(Z19+AA19+AD19+(AC19)) -> 250000 | AF19: 468468 | AG19: 253500 | AH19: 0 | AI19: 0 | AJ19: 0 | AK19: =AI19-AJ19 -> 0 | AL19: 0 | AM19: =AE19+AF19+AG19+AH19+AJ19+AL19 -> 971968 | AN19: =Y19-AM19 -> 5623314.1 | AO19: =BE19 -> 0 | AP19: =AN19-AO19 -> 5623314.1 | AQ19: =AP19-X19 -> 5623314.1 | AR19: =IF(AQ19>0,ROUND(AQ19,-2),0) -> 5623300 | AT19: K/3 | AU19: C | AV19: =I19 -> 5729876 | AW19: =P19 -> 95238.095 | AX19: =W19 -> 250000 | AY19: 0 | AZ19: =IF(J19=0,0,AV19*0.24%) -> 13751.702 | BA19: =IF(J19=0,0,AV19*0.3%) -> 17189.628 | BB19: =IF(K19=0,0,AV19*4%) -> 229195.04 | BC19: =SUM(AV19:BB19) -> 6335250.5 | BD19: =IF(AU19="C",VLOOKUP(BC19,TER!$J$4:$L$50,3,TRUE),IF(AU19="B",VLOOKUP(BC19,TER!$F$4:$H$50,3,TRUE),IF(AU19="A",VLOOKUP(BC19,TER!$B$4:$D$50,3,TRUE),"ERROR"))) -> 0 | BE19: =BC19*BD19 -> 0
B20: 14 | C20: 1371052605850003 | D20: BUDI YANTO | E20: BRI | F20: 065101021329503 | G20: ANGGOTA | H20: FULL - EXISTING | I20: =IF(H20="FULL - EXISTING",5729876,5729876/O20*N20) -> 5729876 | J20: 316368 | K20: 203800 | L20: 200000 | M20: =L20/O20 -> 9523.8095 | N20: =IFERROR(__xludf.DUMMYFUNCTION("VLOOKUP(C20,IMPORTRANGE(""https://docs.google.com/spreadsheets/d/1ZLN5T8y7NSBIP1rvSj6TTUR_vTQbRwUKSt8zZJ_EfE4/edit?gid=461094331#gid=461094331"",""SCHEDULE_SDT_JAN26""),35,0)"),21) -> 21 | O20: =IFERROR(__xludf.DUMMYFUNCTION("VLOOKUP(C20,IMPORTRANGE(""https://docs.google.com/spreadsheets/d/1ZLN5T8y7NSBIP1rvSj6TTUR_vTQbRwUKSt8zZJ_EfE4/edit?gid=461094331#gid=461094331"",""SCHEDULE_SDT_JAN26""),34,0)"),21) -> 21 | P20: =M20*N20 -> 200000 | R20: =I20+J20+K20+L20 -> 6450044 | S20: =I20+J20+K20+L20 -> 6450044 | T20: =IF(R20-S20<0,R20-S20,0) -> 0 | U20: 250000 | V20: =IFERROR(__xludf.DUMMYFUNCTION("VLOOKUP(C20,IMPORTRANGE(""https://docs.google.com/spreadsheets/d/1ZLN5T8y7NSBIP1rvSj6TTUR_vTQbRwUKSt8zZJ_EfE4/edit?gid=461094331#gid=461094331"",""SCHEDULE_SDT_JAN26""),36,0)"),2) -> 2 | W20: =U20*V20 -> 500000 | X20: 0 | Y20: =I20+J20+K20+P20+W20+X20 -> 6950044 | Z20: =IFERROR(__xludf.DUMMYFUNCTION("VLOOKUP(C20,IMPORTRANGE(""https://docs.google.com/spreadsheets/d/1ZLN5T8y7NSBIP1rvSj6TTUR_vTQbRwUKSt8zZJ_EfE4/edit?gid=461094331#gid=461094331"",""SCHEDULE_SDT_JAN26""),38,0)+VLOOKUP(C20,IMPORTRANGE(""https://docs.google.com/spreadsheets/d/1ZLN5T8y7NSBIP1"&"rvSj6TTUR_vTQbRwUKSt8zZJ_EfE4/edit?gid=461094331#gid=461094331"",""SCHEDULE_SDT_JAN26""),39,0)"),0) -> 0 | AA20: =IFERROR(__xludf.DUMMYFUNCTION("VLOOKUP(C20,IMPORTRANGE(""https://docs.google.com/spreadsheets/d/1ZLN5T8y7NSBIP1rvSj6TTUR_vTQbRwUKSt8zZJ_EfE4/edit?gid=461094331#gid=461094331"",""SCHEDULE_SDT_JAN26""),40,0)"),0) -> 0 | AB20: =IFERROR(__xludf.DUMMYFUNCTION("VLOOKUP(C20,IMPORTRANGE(""https://docs.google.com/spreadsheets/d/1ZLN5T8y7NSBIP1rvSj6TTUR_vTQbRwUKSt8zZJ_EfE4/edit?gid=461094331#gid=461094331"",""SCHEDULE_SDT_JAN26""),41,0)"),0) -> 0 | AC20: =IFERROR(__xludf.DUMMYFUNCTION("VLOOKUP(C20,IMPORTRANGE(""https://docs.google.com/spreadsheets/d/1ZLN5T8y7NSBIP1rvSj6TTUR_vTQbRwUKSt8zZJ_EfE4/edit?gid=461094331#gid=461094331"",""SCHEDULE_SDT_JAN26""),42,0)"),0) -> 0 | AD20: =IFERROR(__xludf.DUMMYFUNCTION("VLOOKUP(C20,IMPORTRANGE(""https://docs.google.com/spreadsheets/d/1ZLN5T8y7NSBIP1rvSj6TTUR_vTQbRwUKSt8zZJ_EfE4/edit?gid=461094331#gid=461094331"",""SCHEDULE_SDT_JAN26""),43,0)"),0) -> 0 | AE20: =U20*(Z20+AA20+AD20+(AC20)) -> 0 | AF20: 468468 | AG20: 253500 | AH20: 0 | AI20: 0 | AJ20: 0 | AK20: =AI20-AJ20 -> 0 | AL20: 0 | AM20: =AE20+AF20+AG20+AH20+AJ20+AL20 -> 721968 | AN20: =Y20-AM20 -> 6228076 | AO20: =BE20 -> 66900.124 | AP20: =AN20-AO20 -> 6161175.9 | AQ20: =AP20-X20 -> 6161175.9 | AR20: =IF(AQ20>0,ROUND(AQ20,-2),0) -> 6161200 | AT20: TK/0 | AU20: A | AV20: =I20 -> 5729876 | AW20: =P20 -> 200000 | AX20: =W20 -> 500000 | AY20: 0 | AZ20: =IF(J20=0,0,AV20*0.24%) -> 13751.702 | BA20: =IF(J20=0,0,AV20*0.3%) -> 17189.628 | BB20: =IF(K20=0,0,AV20*4%) -> 229195.04 | BC20: =SUM(AV20:BB20) -> 6690012.4 | BD20: =IF(AU20="C",VLOOKUP(BC20,TER!$J$4:$L$50,3,TRUE),IF(AU20="B",VLOOKUP(BC20,TER!$F$4:$H$50,3,TRUE),IF(AU20="A",VLOOKUP(BC20,TER!$B$4:$D$50,3,TRUE),"ERROR"))) -> 0.01 | BE20: =BC20*BD20 -> 66900.124
B21: 15 | C21: 3674050510860005 | D21: BAYU EKA MARIO | E21: BRI | F21: 065101021362501 | G21: ANGGOTA | H21: FULL - EXISTING | I21: =IF(H21="FULL - EXISTING",5729876,5729876/O21*N21) -> 5729876 | J21: 316368 | K21: 203800 | L21: 200000 | M21: =L21/O21 -> 10000 | N21: =IFERROR(__xludf.DUMMYFUNCTION("VLOOKUP(C21,IMPORTRANGE(""https://docs.google.com/spreadsheets/d/1ZLN5T8y7NSBIP1rvSj6TTUR_vTQbRwUKSt8zZJ_EfE4/edit?gid=461094331#gid=461094331"",""SCHEDULE_SDT_JAN26""),35,0)"),19) -> 19 | O21: =IFERROR(__xludf.DUMMYFUNCTION("VLOOKUP(C21,IMPORTRANGE(""https://docs.google.com/spreadsheets/d/1ZLN5T8y7NSBIP1rvSj6TTUR_vTQbRwUKSt8zZJ_EfE4/edit?gid=461094331#gid=461094331"",""SCHEDULE_SDT_JAN26""),34,0)"),20) -> 20 | P21: =M21*N21 -> 190000 | R21: =I21+J21+K21+L21 -> 6450044 | S21: =I21+J21+K21+L21 -> 6450044 | T21: =IF(R21-S21<0,R21-S21,0) -> 0 | U21: 250000 | V21: =IFERROR(__xludf.DUMMYFUNCTION("VLOOKUP(C21,IMPORTRANGE(""https://docs.google.com/spreadsheets/d/1ZLN5T8y7NSBIP1rvSj6TTUR_vTQbRwUKSt8zZJ_EfE4/edit?gid=461094331#gid=461094331"",""SCHEDULE_SDT_JAN26""),36,0)"),2) -> 2 | W21: =U21*V21 -> 500000 | X21: 0 | Y21: =I21+J21+K21+P21+W21+X21 -> 6940044 | Z21: =IFERROR(__xludf.DUMMYFUNCTION("VLOOKUP(C21,IMPORTRANGE(""https://docs.google.com/spreadsheets/d/1ZLN5T8y7NSBIP1rvSj6TTUR_vTQbRwUKSt8zZJ_EfE4/edit?gid=461094331#gid=461094331"",""SCHEDULE_SDT_JAN26""),38,0)+VLOOKUP(C21,IMPORTRANGE(""https://docs.google.com/spreadsheets/d/1ZLN5T8y7NSBIP1"&"rvSj6TTUR_vTQbRwUKSt8zZJ_EfE4/edit?gid=461094331#gid=461094331"",""SCHEDULE_SDT_JAN26""),39,0)"),0) -> 0 | AA21: =IFERROR(__xludf.DUMMYFUNCTION("VLOOKUP(C21,IMPORTRANGE(""https://docs.google.com/spreadsheets/d/1ZLN5T8y7NSBIP1rvSj6TTUR_vTQbRwUKSt8zZJ_EfE4/edit?gid=461094331#gid=461094331"",""SCHEDULE_SDT_JAN26""),40,0)"),1) -> 1 | AB21: =IFERROR(__xludf.DUMMYFUNCTION("VLOOKUP(C21,IMPORTRANGE(""https://docs.google.com/spreadsheets/d/1ZLN5T8y7NSBIP1rvSj6TTUR_vTQbRwUKSt8zZJ_EfE4/edit?gid=461094331#gid=461094331"",""SCHEDULE_SDT_JAN26""),41,0)"),0) -> 0 | AC21: =IFERROR(__xludf.DUMMYFUNCTION("VLOOKUP(C21,IMPORTRANGE(""https://docs.google.com/spreadsheets/d/1ZLN5T8y7NSBIP1rvSj6TTUR_vTQbRwUKSt8zZJ_EfE4/edit?gid=461094331#gid=461094331"",""SCHEDULE_SDT_JAN26""),42,0)"),0) -> 0 | AD21: =IFERROR(__xludf.DUMMYFUNCTION("VLOOKUP(C21,IMPORTRANGE(""https://docs.google.com/spreadsheets/d/1ZLN5T8y7NSBIP1rvSj6TTUR_vTQbRwUKSt8zZJ_EfE4/edit?gid=461094331#gid=461094331"",""SCHEDULE_SDT_JAN26""),43,0)"),0) -> 0 | AE21: =U21*(Z21+AA21+AD21+(AC21)) -> 250000 | AF21: 468468 | AG21: 253500 | AH21: 0 | AI21: 0 | AJ21: 0 | AK21: =AI21-AJ21 -> 0 | AL21: 0 | AM21: =AE21+AF21+AG21+AH21+AJ21+AL21 -> 971968 | AN21: =Y21-AM21 -> 5968076 | AO21: =BE21 -> 66800.124 | AP21: =AN21-AO21 -> 5901275.9 | AQ21: =AP21-X21 -> 5901275.9 | AR21: =IF(AQ21>0,ROUND(AQ21,-2),0) -> 5901300 | AT21: K/0 | AU21: A | AV21: =I21 -> 5729876 | AW21: =P21 -> 190000 | AX21: =W21 -> 500000 | AY21: 0 | AZ21: =IF(J21=0,0,AV21*0.24%) -> 13751.702 | BA21: =IF(J21=0,0,AV21*0.3%) -> 17189.628 | BB21: =IF(K21=0,0,AV21*4%) -> 229195.04 | BC21: =SUM(AV21:BB21) -> 6680012.4 | BD21: =IF(AU21="C",VLOOKUP(BC21,TER!$J$4:$L$50,3,TRUE),IF(AU21="B",VLOOKUP(BC21,TER!$F$4:$H$50,3,TRUE),IF(AU21="A",VLOOKUP(BC21,TER!$B$4:$D$50,3,TRUE),"ERROR"))) -> 0.01 | BE21: =BC21*BD21 -> 66800.124
B22: 16 | C22: 3275021012980011 | D22: MOHAMAD EKA FADHILLAH | E22: BRI | F22: 065101021369503 | G22: ANGGOTA | H22: FULL - EXISTING | I22: =IF(H22="FULL - EXISTING",5729876,5729876/O22*N22) -> 5729876 | J22: 316368 | K22: 203800 | L22: 200000 | M22: =L22/O22 -> 10000 | N22: =IFERROR(__xludf.DUMMYFUNCTION("VLOOKUP(C22,IMPORTRANGE(""https://docs.google.com/spreadsheets/d/1ZLN5T8y7NSBIP1rvSj6TTUR_vTQbRwUKSt8zZJ_EfE4/edit?gid=461094331#gid=461094331"",""SCHEDULE_SDT_JAN26""),35,0)"),3) -> 3 | O22: =IFERROR(__xludf.DUMMYFUNCTION("VLOOKUP(C22,IMPORTRANGE(""https://docs.google.com/spreadsheets/d/1ZLN5T8y7NSBIP1rvSj6TTUR_vTQbRwUKSt8zZJ_EfE4/edit?gid=461094331#gid=461094331"",""SCHEDULE_SDT_JAN26""),34,0)"),20) -> 20 | P22: =M22*N22 -> 30000 | R22: =I22+J22+K22+L22 -> 6450044 | S22: =I22+J22+K22+L22 -> 6450044 | T22: =IF(R22-S22<0,R22-S22,0) -> 0 | U22: 250000 | V22: =IFERROR(__xludf.DUMMYFUNCTION("VLOOKUP(C22,IMPORTRANGE(""https://docs.google.com/spreadsheets/d/1ZLN5T8y7NSBIP1rvSj6TTUR_vTQbRwUKSt8zZJ_EfE4/edit?gid=461094331#gid=461094331"",""SCHEDULE_SDT_JAN26""),36,0)"),1) -> 1 | W22: =U22*V22 -> 250000 | X22: 0 | Y22: =I22+J22+K22+P22+W22+X22 -> 6530044 | Z22: =IFERROR(__xludf.DUMMYFUNCTION("VLOOKUP(C22,IMPORTRANGE(""https://docs.google.com/spreadsheets/d/1ZLN5T8y7NSBIP1rvSj6TTUR_vTQbRwUKSt8zZJ_EfE4/edit?gid=461094331#gid=461094331"",""SCHEDULE_SDT_JAN26""),38,0)+VLOOKUP(C22,IMPORTRANGE(""https://docs.google.com/spreadsheets/d/1ZLN5T8y7NSBIP1"&"rvSj6TTUR_vTQbRwUKSt8zZJ_EfE4/edit?gid=461094331#gid=461094331"",""SCHEDULE_SDT_JAN26""),39,0)"),0) -> 0 | AA22: =IFERROR(__xludf.DUMMYFUNCTION("VLOOKUP(C22,IMPORTRANGE(""https://docs.google.com/spreadsheets/d/1ZLN5T8y7NSBIP1rvSj6TTUR_vTQbRwUKSt8zZJ_EfE4/edit?gid=461094331#gid=461094331"",""SCHEDULE_SDT_JAN26""),40,0)"),0) -> 0 | AB22: =IFERROR(__xludf.DUMMYFUNCTION("VLOOKUP(C22,IMPORTRANGE(""https://docs.google.com/spreadsheets/d/1ZLN5T8y7NSBIP1rvSj6TTUR_vTQbRwUKSt8zZJ_EfE4/edit?gid=461094331#gid=461094331"",""SCHEDULE_SDT_JAN26""),41,0)"),0) -> 0 | AC22: =IFERROR(__xludf.DUMMYFUNCTION("VLOOKUP(C22,IMPORTRANGE(""https://docs.google.com/spreadsheets/d/1ZLN5T8y7NSBIP1rvSj6TTUR_vTQbRwUKSt8zZJ_EfE4/edit?gid=461094331#gid=461094331"",""SCHEDULE_SDT_JAN26""),42,0)"),0) -> 0 | AD22: =IFERROR(__xludf.DUMMYFUNCTION("VLOOKUP(C22,IMPORTRANGE(""https://docs.google.com/spreadsheets/d/1ZLN5T8y7NSBIP1rvSj6TTUR_vTQbRwUKSt8zZJ_EfE4/edit?gid=461094331#gid=461094331"",""SCHEDULE_SDT_JAN26""),43,0)"),0) -> 0 | AE22: =U22*(Z22+AA22+AD22+(AC22)) -> 0 | AF22: 468468 | AG22: 253500 | AH22: 0 | AI22: 0 | AJ22: 0 | AK22: =AI22-AJ22 -> 0 | AL22: 0 | AM22: =AE22+AF22+AG22+AH22+AJ22+AL22 -> 721968 | AN22: =Y22-AM22 -> 5808076 | AO22: =BE22 -> 47025.093 | AP22: =AN22-AO22 -> 5761050.9 | AQ22: =AP22-X22 -> 5761050.9 | AR22: =IF(AQ22>0,ROUND(AQ22,-2),0) -> 5761100 | AT22: TK/0 | AU22: A | AV22: =I22 -> 5729876 | AW22: =P22 -> 30000 | AX22: =W22 -> 250000 | AY22: 0 | AZ22: =IF(J22=0,0,AV22*0.24%) -> 13751.702 | BA22: =IF(J22=0,0,AV22*0.3%) -> 17189.628 | BB22: =IF(K22=0,0,AV22*4%) -> 229195.04 | BC22: =SUM(AV22:BB22) -> 6270012.4 | BD22: =IF(AU22="C",VLOOKUP(BC22,TER!$J$4:$L$50,3,TRUE),IF(AU22="B",VLOOKUP(BC22,TER!$F$4:$H$50,3,TRUE),IF(AU22="A",VLOOKUP(BC22,TER!$B$4:$D$50,3,TRUE),"ERROR"))) -> 0.0075 | BE22: =BC22*BD22 -> 47025.093
B23: 16 A | C23: 3275021012980011 A | D23: MOHAMAD EKA FADHILLAH | E23: BRI | F23: 065101021369503 | G23: PLT DANRU | H23: PRORATE - MASUK | L23: 2000000 | M23: =L23/O23 -> 95238.095 | N23: =IFERROR(__xludf.DUMMYFUNCTION("VLOOKUP(C23,IMPORTRANGE(""https://docs.google.com/spreadsheets/d/1ZLN5T8y7NSBIP1rvSj6TTUR_vTQbRwUKSt8zZJ_EfE4/edit?gid=461094331#gid=461094331"",""SCHEDULE_SDT_JAN26""),35,0)"),17) -> 17 | O23: 21 | P23: =M23*N23 -> 1619047.6 | R23: =I23+J23+K23+L23 -> 2000000 | S23: =I23+J23+K23+L23 -> 2000000 | T23: =IF(R23-S23<0,R23-S23,0) -> 0 | U23: 250000 | V23: =IFERROR(__xludf.DUMMYFUNCTION("VLOOKUP(C23,IMPORTRANGE(""https://docs.google.com/spreadsheets/d/1ZLN5T8y7NSBIP1rvSj6TTUR_vTQbRwUKSt8zZJ_EfE4/edit?gid=461094331#gid=461094331"",""SCHEDULE_SDT_JAN26""),36,0)"),2) -> 2 | W23: =U23*V23 -> 500000 | X23: 0 | Y23: =I23+J23+K23+P23+W23+X23 -> 2119047.6 | Z23: =IFERROR(__xludf.DUMMYFUNCTION("VLOOKUP(C23,IMPORTRANGE(""https://docs.google.com/spreadsheets/d/1ZLN5T8y7NSBIP1rvSj6TTUR_vTQbRwUKSt8zZJ_EfE4/edit?gid=461094331#gid=461094331"",""SCHEDULE_SDT_JAN26""),38,0)+VLOOKUP(C23,IMPORTRANGE(""https://docs.google.com/spreadsheets/d/1ZLN5T8y7NSBIP1"&"rvSj6TTUR_vTQbRwUKSt8zZJ_EfE4/edit?gid=461094331#gid=461094331"",""SCHEDULE_SDT_JAN26""),39,0)"),0) -> 0 | AA23: =IFERROR(__xludf.DUMMYFUNCTION("VLOOKUP(C23,IMPORTRANGE(""https://docs.google.com/spreadsheets/d/1ZLN5T8y7NSBIP1rvSj6TTUR_vTQbRwUKSt8zZJ_EfE4/edit?gid=461094331#gid=461094331"",""SCHEDULE_SDT_JAN26""),40,0)"),0) -> 0 | AB23: =IFERROR(__xludf.DUMMYFUNCTION("VLOOKUP(C23,IMPORTRANGE(""https://docs.google.com/spreadsheets/d/1ZLN5T8y7NSBIP1rvSj6TTUR_vTQbRwUKSt8zZJ_EfE4/edit?gid=461094331#gid=461094331"",""SCHEDULE_SDT_JAN26""),41,0)"),0) -> 0 | AC23: =IFERROR(__xludf.DUMMYFUNCTION("VLOOKUP(C23,IMPORTRANGE(""https://docs.google.com/spreadsheets/d/1ZLN5T8y7NSBIP1rvSj6TTUR_vTQbRwUKSt8zZJ_EfE4/edit?gid=461094331#gid=461094331"",""SCHEDULE_SDT_JAN26""),42,0)"),0) -> 0 | AD23: =IFERROR(__xludf.DUMMYFUNCTION("VLOOKUP(C23,IMPORTRANGE(""https://docs.google.com/spreadsheets/d/1ZLN5T8y7NSBIP1rvSj6TTUR_vTQbRwUKSt8zZJ_EfE4/edit?gid=461094331#gid=461094331"",""SCHEDULE_SDT_JAN26""),43,0)"),0) -> 0 | AE23: =U23*(Z23+AA23+AD23+(AC23)) -> 0 | AH23: 0 | AI23: 0 | AJ23: 0 | AK23: =AI23-AJ23 -> 0 | AL23: 0 | AM23: =AE23+AF23+AG23+AH23+AJ23+AL23 -> 0 | AN23: =Y23-AM23 -> 2119047.6 | AO23: =BE23 -> 0 | AP23: =AN23-AO23 -> 2119047.6 | AQ23: =AP23-X23 -> 2119047.6 | AR23: =IF(AQ23>0,ROUND(AQ23,-2),0) -> 2119000
B24: 17 | C24: 1805122106000007 | D24: TAOFIQ HIDAYAT | E24: BRI | F24: 065101021330504 | G24: ANGGOTA | H24: FULL - EXISTING | I24: =IF(H24="FULL - EXISTING",5729876,5729876/O24*N24) -> 5729876 | J24: 316368 | K24: 203800 | L24: 1000000 | M24: =L24/O24 -> 47619.048 | N24: =IFERROR(__xludf.DUMMYFUNCTION("VLOOKUP(C24,IMPORTRANGE(""https://docs.google.com/spreadsheets/d/1ZLN5T8y7NSBIP1rvSj6TTUR_vTQbRwUKSt8zZJ_EfE4/edit?gid=461094331#gid=461094331"",""SCHEDULE_SDT_JAN26""),35,0)"),21) -> 21 | O24: =IFERROR(__xludf.DUMMYFUNCTION("VLOOKUP(C24,IMPORTRANGE(""https://docs.google.com/spreadsheets/d/1ZLN5T8y7NSBIP1rvSj6TTUR_vTQbRwUKSt8zZJ_EfE4/edit?gid=461094331#gid=461094331"",""SCHEDULE_SDT_JAN26""),34,0)"),21) -> 21 | P24: =M24*N24 -> 1000000 | R24: =I24+J24+K24+L24 -> 7250044 | S24: =I24+J24+K24+L24 -> 7250044 | T24: =IF(R24-S24<0,R24-S24,0) -> 0 | U24: 250000 | V24: =IFERROR(__xludf.DUMMYFUNCTION("VLOOKUP(C24,IMPORTRANGE(""https://docs.google.com/spreadsheets/d/1ZLN5T8y7NSBIP1rvSj6TTUR_vTQbRwUKSt8zZJ_EfE4/edit?gid=461094331#gid=461094331"",""SCHEDULE_SDT_JAN26""),36,0)"),1) -> 1 | W24: =U24*V24 -> 250000 | X24: 0 | Y24: =I24+J24+K24+P24+W24+X24 -> 7500044 | Z24: =IFERROR(__xludf.DUMMYFUNCTION("VLOOKUP(C24,IMPORTRANGE(""https://docs.google.com/spreadsheets/d/1ZLN5T8y7NSBIP1rvSj6TTUR_vTQbRwUKSt8zZJ_EfE4/edit?gid=461094331#gid=461094331"",""SCHEDULE_SDT_JAN26""),38,0)+VLOOKUP(C24,IMPORTRANGE(""https://docs.google.com/spreadsheets/d/1ZLN5T8y7NSBIP1"&"rvSj6TTUR_vTQbRwUKSt8zZJ_EfE4/edit?gid=461094331#gid=461094331"",""SCHEDULE_SDT_JAN26""),39,0)"),0) -> 0 | AA24: =IFERROR(__xludf.DUMMYFUNCTION("VLOOKUP(C24,IMPORTRANGE(""https://docs.google.com/spreadsheets/d/1ZLN5T8y7NSBIP1rvSj6TTUR_vTQbRwUKSt8zZJ_EfE4/edit?gid=461094331#gid=461094331"",""SCHEDULE_SDT_JAN26""),40,0)"),0) -> 0 | AB24: =IFERROR(__xludf.DUMMYFUNCTION("VLOOKUP(C24,IMPORTRANGE(""https://docs.google.com/spreadsheets/d/1ZLN5T8y7NSBIP1rvSj6TTUR_vTQbRwUKSt8zZJ_EfE4/edit?gid=461094331#gid=461094331"",""SCHEDULE_SDT_JAN26""),41,0)"),0) -> 0 | AC24: =IFERROR(__xludf.DUMMYFUNCTION("VLOOKUP(C24,IMPORTRANGE(""https://docs.google.com/spreadsheets/d/1ZLN5T8y7NSBIP1rvSj6TTUR_vTQbRwUKSt8zZJ_EfE4/edit?gid=461094331#gid=461094331"",""SCHEDULE_SDT_JAN26""),42,0)"),0) -> 0 | AD24: =IFERROR(__xludf.DUMMYFUNCTION("VLOOKUP(C24,IMPORTRANGE(""https://docs.google.com/spreadsheets/d/1ZLN5T8y7NSBIP1rvSj6TTUR_vTQbRwUKSt8zZJ_EfE4/edit?gid=461094331#gid=461094331"",""SCHEDULE_SDT_JAN26""),43,0)"),0) -> 0 | AE24: =U24*(Z24+AA24+AD24+(AC24)) -> 0 | AF24: 468468 | AG24: 253500 | AH24: 0 | AI24: 0 | AJ24: 0 | AK24: =AI24-AJ24 -> 0 | AL24: 0 | AM24: =AE24+AF24+AG24+AH24+AJ24+AL24 -> 721968 | AN24: =Y24-AM24 -> 6778076 | AO24: =BE24 -> 90500.155 | AP24: =AN24-AO24 -> 6687575.8 | AQ24: =AP24-X24 -> 6687575.8 | AR24: =IF(AQ24>0,ROUND(AQ24,-2),0) -> 6687600 | AT24: TK/0 | AU24: A | AV24: =I24 -> 5729876 | AW24: =P24 -> 1000000 | AX24: =W24 -> 250000 | AY24: 0 | AZ24: =IF(J24=0,0,AV24*0.24%) -> 13751.702 | BA24: =IF(J24=0,0,AV24*0.3%) -> 17189.628 | BB24: =IF(K24=0,0,AV24*4%) -> 229195.04 | BC24: =SUM(AV24:BB24) -> 7240012.4 | BD24: =IF(AU24="C",VLOOKUP(BC24,TER!$J$4:$L$50,3,TRUE),IF(AU24="B",VLOOKUP(BC24,TER!$F$4:$H$50,3,TRUE),IF(AU24="A",VLOOKUP(BC24,TER!$B$4:$D$50,3,TRUE),"ERROR"))) -> 0.0125 | BE24: =BC24*BD24 -> 90500.155
B25: 18 | C25: 3276050609820013 | D25: TRI SEKTIYAWAN | E25: BRI | F25: 065101021331500 | G25: ANGGOTA | H25: FULL - EXISTING | I25: =IF(H25="FULL - EXISTING",5729876,5729876/O25*N25) -> 5729876 | J25: 316368 | K25: 203800 | L25: 1000000 | M25: =L25/O25 -> 50000 | N25: =IFERROR(__xludf.DUMMYFUNCTION("VLOOKUP(C25,IMPORTRANGE(""https://docs.google.com/spreadsheets/d/1ZLN5T8y7NSBIP1rvSj6TTUR_vTQbRwUKSt8zZJ_EfE4/edit?gid=461094331#gid=461094331"",""SCHEDULE_SDT_JAN26""),35,0)"),20) -> 20 | O25: =IFERROR(__xludf.DUMMYFUNCTION("VLOOKUP(C25,IMPORTRANGE(""https://docs.google.com/spreadsheets/d/1ZLN5T8y7NSBIP1rvSj6TTUR_vTQbRwUKSt8zZJ_EfE4/edit?gid=461094331#gid=461094331"",""SCHEDULE_SDT_JAN26""),34,0)"),20) -> 20 | P25: =M25*N25 -> 1000000 | R25: =I25+J25+K25+L25 -> 7250044 | S25: =I25+J25+K25+L25 -> 7250044 | T25: =IF(R25-S25<0,R25-S25,0) -> 0 | U25: 250000 | V25: =IFERROR(__xludf.DUMMYFUNCTION("VLOOKUP(C25,IMPORTRANGE(""https://docs.google.com/spreadsheets/d/1ZLN5T8y7NSBIP1rvSj6TTUR_vTQbRwUKSt8zZJ_EfE4/edit?gid=461094331#gid=461094331"",""SCHEDULE_SDT_JAN26""),36,0)"),1) -> 1 | W25: =U25*V25 -> 250000 | X25: 0 | Y25: =I25+J25+K25+P25+W25+X25 -> 7500044 | Z25: =IFERROR(__xludf.DUMMYFUNCTION("VLOOKUP(C25,IMPORTRANGE(""https://docs.google.com/spreadsheets/d/1ZLN5T8y7NSBIP1rvSj6TTUR_vTQbRwUKSt8zZJ_EfE4/edit?gid=461094331#gid=461094331"",""SCHEDULE_SDT_JAN26""),38,0)+VLOOKUP(C25,IMPORTRANGE(""https://docs.google.com/spreadsheets/d/1ZLN5T8y7NSBIP1"&"rvSj6TTUR_vTQbRwUKSt8zZJ_EfE4/edit?gid=461094331#gid=461094331"",""SCHEDULE_SDT_JAN26""),39,0)"),0) -> 0 | AA25: =IFERROR(__xludf.DUMMYFUNCTION("VLOOKUP(C25,IMPORTRANGE(""https://docs.google.com/spreadsheets/d/1ZLN5T8y7NSBIP1rvSj6TTUR_vTQbRwUKSt8zZJ_EfE4/edit?gid=461094331#gid=461094331"",""SCHEDULE_SDT_JAN26""),40,0)"),0) -> 0 | AB25: =IFERROR(__xludf.DUMMYFUNCTION("VLOOKUP(C25,IMPORTRANGE(""https://docs.google.com/spreadsheets/d/1ZLN5T8y7NSBIP1rvSj6TTUR_vTQbRwUKSt8zZJ_EfE4/edit?gid=461094331#gid=461094331"",""SCHEDULE_SDT_JAN26""),41,0)"),0) -> 0 | AC25: =IFERROR(__xludf.DUMMYFUNCTION("VLOOKUP(C25,IMPORTRANGE(""https://docs.google.com/spreadsheets/d/1ZLN5T8y7NSBIP1rvSj6TTUR_vTQbRwUKSt8zZJ_EfE4/edit?gid=461094331#gid=461094331"",""SCHEDULE_SDT_JAN26""),42,0)"),0) -> 0 | AD25: =IFERROR(__xludf.DUMMYFUNCTION("VLOOKUP(C25,IMPORTRANGE(""https://docs.google.com/spreadsheets/d/1ZLN5T8y7NSBIP1rvSj6TTUR_vTQbRwUKSt8zZJ_EfE4/edit?gid=461094331#gid=461094331"",""SCHEDULE_SDT_JAN26""),43,0)"),0) -> 0 | AE25: =U25*(Z25+AA25+AD25+(AC25)) -> 0 | AF25: 468468 | AG25: 253500 | AH25: 0 | AI25: 0 | AJ25: 0 | AK25: =AI25-AJ25 -> 0 | AL25: 0 | AM25: =AE25+AF25+AG25+AH25+AJ25+AL25 -> 721968 | AN25: =Y25-AM25 -> 6778076 | AO25: =BE25 -> 54300.093 | AP25: =AN25-AO25 -> 6723775.9 | AQ25: =AP25-X25 -> 6723775.9 | AR25: =IF(AQ25>0,ROUND(AQ25,-2),0) -> 6723800 | AT25: K/1 | AU25: B | AV25: =I25 -> 5729876 | AW25: =P25 -> 1000000 | AX25: =W25 -> 250000 | AY25: 0 | AZ25: =IF(J25=0,0,AV25*0.24%) -> 13751.702 | BA25: =IF(J25=0,0,AV25*0.3%) -> 17189.628 | BB25: =IF(K25=0,0,AV25*4%) -> 229195.04 | BC25: =SUM(AV25:BB25) -> 7240012.4 | BD25: =IF(AU25="C",VLOOKUP(BC25,TER!$J$4:$L$50,3,TRUE),IF(AU25="B",VLOOKUP(BC25,TER!$F$4:$H$50,3,TRUE),IF(AU25="A",VLOOKUP(BC25,TER!$B$4:$D$50,3,TRUE),"ERROR"))) -> 0.0075 | BE25: =BC25*BD25 -> 54300.093
B26: 19 | C26: 3504060802040003 | D26: ALVY MARCELLINO ADE IRAWAN | E26: BRI | F26: 065101021333502 | G26: ANGGOTA | H26: FULL - EXISTING | I26: =IF(H26="FULL - EXISTING",5729876,5729876/O26*N26) -> 5729876 | J26: 316368 | K26: 203800 | L26: 200000 | M26: =L26/O26 -> 10000 | N26: =IFERROR(__xludf.DUMMYFUNCTION("VLOOKUP(C26,IMPORTRANGE(""https://docs.google.com/spreadsheets/d/1ZLN5T8y7NSBIP1rvSj6TTUR_vTQbRwUKSt8zZJ_EfE4/edit?gid=461094331#gid=461094331"",""SCHEDULE_SDT_JAN26""),35,0)"),20) -> 20 | O26: =IFERROR(__xludf.DUMMYFUNCTION("VLOOKUP(C26,IMPORTRANGE(""https://docs.google.com/spreadsheets/d/1ZLN5T8y7NSBIP1rvSj6TTUR_vTQbRwUKSt8zZJ_EfE4/edit?gid=461094331#gid=461094331"",""SCHEDULE_SDT_JAN26""),34,0)"),20) -> 20 | P26: =M26*N26 -> 200000 | R26: =I26+J26+K26+L26 -> 6450044 | S26: =I26+J26+K26+L26 -> 6450044 | T26: =IF(R26-S26<0,R26-S26,0) -> 0 | U26: 250000 | V26: =IFERROR(__xludf.DUMMYFUNCTION("VLOOKUP(C26,IMPORTRANGE(""https://docs.google.com/spreadsheets/d/1ZLN5T8y7NSBIP1rvSj6TTUR_vTQbRwUKSt8zZJ_EfE4/edit?gid=461094331#gid=461094331"",""SCHEDULE_SDT_JAN26""),36,0)"),2) -> 2 | W26: =U26*V26 -> 500000 | X26: 0 | Y26: =I26+J26+K26+P26+W26+X26 -> 6950044 | Z26: =IFERROR(__xludf.DUMMYFUNCTION("VLOOKUP(C26,IMPORTRANGE(""https://docs.google.com/spreadsheets/d/1ZLN5T8y7NSBIP1rvSj6TTUR_vTQbRwUKSt8zZJ_EfE4/edit?gid=461094331#gid=461094331"",""SCHEDULE_SDT_JAN26""),38,0)+VLOOKUP(C26,IMPORTRANGE(""https://docs.google.com/spreadsheets/d/1ZLN5T8y7NSBIP1"&"rvSj6TTUR_vTQbRwUKSt8zZJ_EfE4/edit?gid=461094331#gid=461094331"",""SCHEDULE_SDT_JAN26""),39,0)"),0) -> 0 | AA26: =IFERROR(__xludf.DUMMYFUNCTION("VLOOKUP(C26,IMPORTRANGE(""https://docs.google.com/spreadsheets/d/1ZLN5T8y7NSBIP1rvSj6TTUR_vTQbRwUKSt8zZJ_EfE4/edit?gid=461094331#gid=461094331"",""SCHEDULE_SDT_JAN26""),40,0)"),0) -> 0 | AB26: =IFERROR(__xludf.DUMMYFUNCTION("VLOOKUP(C26,IMPORTRANGE(""https://docs.google.com/spreadsheets/d/1ZLN5T8y7NSBIP1rvSj6TTUR_vTQbRwUKSt8zZJ_EfE4/edit?gid=461094331#gid=461094331"",""SCHEDULE_SDT_JAN26""),41,0)"),0) -> 0 | AC26: =IFERROR(__xludf.DUMMYFUNCTION("VLOOKUP(C26,IMPORTRANGE(""https://docs.google.com/spreadsheets/d/1ZLN5T8y7NSBIP1rvSj6TTUR_vTQbRwUKSt8zZJ_EfE4/edit?gid=461094331#gid=461094331"",""SCHEDULE_SDT_JAN26""),42,0)"),0) -> 0 | AD26: =IFERROR(__xludf.DUMMYFUNCTION("VLOOKUP(C26,IMPORTRANGE(""https://docs.google.com/spreadsheets/d/1ZLN5T8y7NSBIP1rvSj6TTUR_vTQbRwUKSt8zZJ_EfE4/edit?gid=461094331#gid=461094331"",""SCHEDULE_SDT_JAN26""),43,0)"),0) -> 0 | AE26: =U26*(Z26+AA26+AD26+(AC26)) -> 0 | AF26: 468468 | AG26: 253500 | AH26: 0 | AI26: 0 | AJ26: 0 | AK26: =AI26-AJ26 -> 0 | AL26: 0 | AM26: =AE26+AF26+AG26+AH26+AJ26+AL26 -> 721968 | AN26: =Y26-AM26 -> 6228076 | AO26: =BE26 -> 66900.124 | AP26: =AN26-AO26 -> 6161175.9 | AQ26: =AP26-X26 -> 6161175.9 | AR26: =IF(AQ26>0,ROUND(AQ26,-2),0) -> 6161200 | AT26: TK/0 | AU26: A | AV26: =I26 -> 5729876 | AW26: =P26 -> 200000 | AX26: =W26 -> 500000 | AY26: 0 | AZ26: =IF(J26=0,0,AV26*0.24%) -> 13751.702 | BA26: =IF(J26=0,0,AV26*0.3%) -> 17189.628 | BB26: =IF(K26=0,0,AV26*4%) -> 229195.04 | BC26: =SUM(AV26:BB26) -> 6690012.4 | BD26: =IF(AU26="C",VLOOKUP(BC26,TER!$J$4:$L$50,3,TRUE),IF(AU26="B",VLOOKUP(BC26,TER!$F$4:$H$50,3,TRUE),IF(AU26="A",VLOOKUP(BC26,TER!$B$4:$D$50,3,TRUE),"ERROR"))) -> 0.01 | BE26: =BC26*BD26 -> 66900.124
B27: 20 | C27: 1804022004940002 | D27: SAHRIYADI | E27: BRI | F27: 065101021334508 | G27: ANGGOTA | H27: FULL - EXISTING | I27: =IF(H27="FULL - EXISTING",5729876,5729876/O27*N27) -> 5729876 | J27: 316368 | K27: 203800 | L27: 1000000 | M27: =L27/O27 -> 47619.048 | N27: =IFERROR(__xludf.DUMMYFUNCTION("VLOOKUP(C27,IMPORTRANGE(""https://docs.google.com/spreadsheets/d/1ZLN5T8y7NSBIP1rvSj6TTUR_vTQbRwUKSt8zZJ_EfE4/edit?gid=461094331#gid=461094331"",""SCHEDULE_SDT_JAN26""),35,0)"),21) -> 21 | O27: =IFERROR(__xludf.DUMMYFUNCTION("VLOOKUP(C27,IMPORTRANGE(""https://docs.google.com/spreadsheets/d/1ZLN5T8y7NSBIP1rvSj6TTUR_vTQbRwUKSt8zZJ_EfE4/edit?gid=461094331#gid=461094331"",""SCHEDULE_SDT_JAN26""),34,0)"),21) -> 21 | P27: =M27*N27 -> 1000000 | R27: =I27+J27+K27+L27 -> 7250044 | S27: =I27+J27+K27+L27 -> 7250044 | T27: =IF(R27-S27<0,R27-S27,0) -> 0 | U27: 250000 | V27: =IFERROR(__xludf.DUMMYFUNCTION("VLOOKUP(C27,IMPORTRANGE(""https://docs.google.com/spreadsheets/d/1ZLN5T8y7NSBIP1rvSj6TTUR_vTQbRwUKSt8zZJ_EfE4/edit?gid=461094331#gid=461094331"",""SCHEDULE_SDT_JAN26""),36,0)"),2) -> 2 | W27: =U27*V27 -> 500000 | X27: 0 | Y27: =I27+J27+K27+P27+W27+X27 -> 7750044 | Z27: =IFERROR(__xludf.DUMMYFUNCTION("VLOOKUP(C27,IMPORTRANGE(""https://docs.google.com/spreadsheets/d/1ZLN5T8y7NSBIP1rvSj6TTUR_vTQbRwUKSt8zZJ_EfE4/edit?gid=461094331#gid=461094331"",""SCHEDULE_SDT_JAN26""),38,0)+VLOOKUP(C27,IMPORTRANGE(""https://docs.google.com/spreadsheets/d/1ZLN5T8y7NSBIP1"&"rvSj6TTUR_vTQbRwUKSt8zZJ_EfE4/edit?gid=461094331#gid=461094331"",""SCHEDULE_SDT_JAN26""),39,0)"),0) -> 0 | AA27: =IFERROR(__xludf.DUMMYFUNCTION("VLOOKUP(C27,IMPORTRANGE(""https://docs.google.com/spreadsheets/d/1ZLN5T8y7NSBIP1rvSj6TTUR_vTQbRwUKSt8zZJ_EfE4/edit?gid=461094331#gid=461094331"",""SCHEDULE_SDT_JAN26""),40,0)"),0) -> 0 | AB27: =IFERROR(__xludf.DUMMYFUNCTION("VLOOKUP(C27,IMPORTRANGE(""https://docs.google.com/spreadsheets/d/1ZLN5T8y7NSBIP1rvSj6TTUR_vTQbRwUKSt8zZJ_EfE4/edit?gid=461094331#gid=461094331"",""SCHEDULE_SDT_JAN26""),41,0)"),0) -> 0 | AC27: =IFERROR(__xludf.DUMMYFUNCTION("VLOOKUP(C27,IMPORTRANGE(""https://docs.google.com/spreadsheets/d/1ZLN5T8y7NSBIP1rvSj6TTUR_vTQbRwUKSt8zZJ_EfE4/edit?gid=461094331#gid=461094331"",""SCHEDULE_SDT_JAN26""),42,0)"),0) -> 0 | AD27: =IFERROR(__xludf.DUMMYFUNCTION("VLOOKUP(C27,IMPORTRANGE(""https://docs.google.com/spreadsheets/d/1ZLN5T8y7NSBIP1rvSj6TTUR_vTQbRwUKSt8zZJ_EfE4/edit?gid=461094331#gid=461094331"",""SCHEDULE_SDT_JAN26""),43,0)"),0) -> 0 | AE27: =U27*(Z27+AA27+AD27+(AC27)) -> 0 | AF27: 468468 | AG27: 253500 | AH27: 0 | AI27: 0 | AJ27: 0 | AK27: =AI27-AJ27 -> 0 | AL27: 0 | AM27: =AE27+AF27+AG27+AH27+AJ27+AL27 -> 721968 | AN27: =Y27-AM27 -> 7028076 | AO27: =BE27 -> 93625.155 | AP27: =AN27-AO27 -> 6934450.8 | AQ27: =AP27-X27 -> 6934450.8 | AR27: =IF(AQ27>0,ROUND(AQ27,-2),0) -> 6934500 | AT27: TK/0 | AU27: A | AV27: =I27 -> 5729876 | AW27: =P27 -> 1000000 | AX27: =W27 -> 500000 | AY27: 0 | AZ27: =IF(J27=0,0,AV27*0.24%) -> 13751.702 | BA27: =IF(J27=0,0,AV27*0.3%) -> 17189.628 | BB27: =IF(K27=0,0,AV27*4%) -> 229195.04 | BC27: =SUM(AV27:BB27) -> 7490012.4 | BD27: =IF(AU27="C",VLOOKUP(BC27,TER!$J$4:$L$50,3,TRUE),IF(AU27="B",VLOOKUP(BC27,TER!$F$4:$H$50,3,TRUE),IF(AU27="A",VLOOKUP(BC27,TER!$B$4:$D$50,3,TRUE),"ERROR"))) -> 0.0125 | BE27: =BC27*BD27 -> 93625.155
B28: 21 | C28: 1603061510020002 | D28: CECEP DERMAWAN RESISTEN | E28: BRI | F28: 065101021370504 | G28: ANGGOTA | H28: FULL - EXISTING | I28: =IF(H28="FULL - EXISTING",5729876,5729876/O28*N28) -> 5729876 | J28: 316368 | K28: 203800 | L28: 100000 | M28: =L28/O28 -> 4761.9048 | N28: =IFERROR(__xludf.DUMMYFUNCTION("VLOOKUP(C28,IMPORTRANGE(""https://docs.google.com/spreadsheets/d/1ZLN5T8y7NSBIP1rvSj6TTUR_vTQbRwUKSt8zZJ_EfE4/edit?gid=461094331#gid=461094331"",""SCHEDULE_SDT_JAN26""),35,0)"),21) -> 21 | O28: =IFERROR(__xludf.DUMMYFUNCTION("VLOOKUP(C28,IMPORTRANGE(""https://docs.google.com/spreadsheets/d/1ZLN5T8y7NSBIP1rvSj6TTUR_vTQbRwUKSt8zZJ_EfE4/edit?gid=461094331#gid=461094331"",""SCHEDULE_SDT_JAN26""),34,0)"),21) -> 21 | P28: =M28*N28 -> 100000 | R28: =I28+J28+K28+L28 -> 6350044 | S28: =I28+J28+K28+L28 -> 6350044 | T28: =IF(R28-S28<0,R28-S28,0) -> 0 | U28: 250000 | V28: =IFERROR(__xludf.DUMMYFUNCTION("VLOOKUP(C28,IMPORTRANGE(""https://docs.google.com/spreadsheets/d/1ZLN5T8y7NSBIP1rvSj6TTUR_vTQbRwUKSt8zZJ_EfE4/edit?gid=461094331#gid=461094331"",""SCHEDULE_SDT_JAN26""),36,0)"),2) -> 2 | W28: =U28*V28 -> 500000 | X28: 0 | Y28: =I28+J28+K28+P28+W28+X28 -> 6850044 | Z28: =IFERROR(__xludf.DUMMYFUNCTION("VLOOKUP(C28,IMPORTRANGE(""https://docs.google.com/spreadsheets/d/1ZLN5T8y7NSBIP1rvSj6TTUR_vTQbRwUKSt8zZJ_EfE4/edit?gid=461094331#gid=461094331"",""SCHEDULE_SDT_JAN26""),38,0)+VLOOKUP(C28,IMPORTRANGE(""https://docs.google.com/spreadsheets/d/1ZLN5T8y7NSBIP1"&"rvSj6TTUR_vTQbRwUKSt8zZJ_EfE4/edit?gid=461094331#gid=461094331"",""SCHEDULE_SDT_JAN26""),39,0)"),0) -> 0 | AA28: =IFERROR(__xludf.DUMMYFUNCTION("VLOOKUP(C28,IMPORTRANGE(""https://docs.google.com/spreadsheets/d/1ZLN5T8y7NSBIP1rvSj6TTUR_vTQbRwUKSt8zZJ_EfE4/edit?gid=461094331#gid=461094331"",""SCHEDULE_SDT_JAN26""),40,0)"),0) -> 0 | AB28: =IFERROR(__xludf.DUMMYFUNCTION("VLOOKUP(C28,IMPORTRANGE(""https://docs.google.com/spreadsheets/d/1ZLN5T8y7NSBIP1rvSj6TTUR_vTQbRwUKSt8zZJ_EfE4/edit?gid=461094331#gid=461094331"",""SCHEDULE_SDT_JAN26""),41,0)"),0) -> 0 | AC28: =IFERROR(__xludf.DUMMYFUNCTION("VLOOKUP(C28,IMPORTRANGE(""https://docs.google.com/spreadsheets/d/1ZLN5T8y7NSBIP1rvSj6TTUR_vTQbRwUKSt8zZJ_EfE4/edit?gid=461094331#gid=461094331"",""SCHEDULE_SDT_JAN26""),42,0)"),0) -> 0 | AD28: =IFERROR(__xludf.DUMMYFUNCTION("VLOOKUP(C28,IMPORTRANGE(""https://docs.google.com/spreadsheets/d/1ZLN5T8y7NSBIP1rvSj6TTUR_vTQbRwUKSt8zZJ_EfE4/edit?gid=461094331#gid=461094331"",""SCHEDULE_SDT_JAN26""),43,0)"),0) -> 0 | AE28: =U28*(Z28+AA28+AD28+(AC28)) -> 0 | AF28: 468468 | AG28: 253500 | AH28: 0 | AI28: 0 | AJ28: 0 | AK28: =AI28-AJ28 -> 0 | AL28: 0 | AM28: =AE28+AF28+AG28+AH28+AJ28+AL28 -> 721968 | AN28: =Y28-AM28 -> 6128076 | AO28: =BE28 -> 32950.062 | AP28: =AN28-AO28 -> 6095125.9 | AQ28: =AP28-X28 -> 6095125.9 | AR28: =IF(AQ28>0,ROUND(AQ28,-2),0) -> 6095100 | AT28: K/1 | AU28: B | AV28: =I28 -> 5729876 | AW28: =P28 -> 100000 | AX28: =W28 -> 500000 | AY28: 0 | AZ28: =IF(J28=0,0,AV28*0.24%) -> 13751.702 | BA28: =IF(J28=0,0,AV28*0.3%) -> 17189.628 | BB28: =IF(K28=0,0,AV28*4%) -> 229195.04 | BC28: =SUM(AV28:BB28) -> 6590012.4 | BD28: =IF(AU28="C",VLOOKUP(BC28,TER!$J$4:$L$50,3,TRUE),IF(AU28="B",VLOOKUP(BC28,TER!$F$4:$H$50,3,TRUE),IF(AU28="A",VLOOKUP(BC28,TER!$B$4:$D$50,3,TRUE),"ERROR"))) -> 0.005 | BE28: =BC28*BD28 -> 32950.062
B29: 22 | C29: 5308200505910002 | D29: ARYANTO ABUBEKAR | E29: BRI | F29: 065101021335504 | G29: ANGGOTA | H29: FULL - EXISTING | I29: =IF(H29="FULL - EXISTING",5729876,5729876/O29*N29) -> 5729876 | J29: 316368 | K29: 203800 | L29: 1000000 | M29: =L29/O29 -> 50000 | N29: =IFERROR(__xludf.DUMMYFUNCTION("VLOOKUP(C29,IMPORTRANGE(""https://docs.google.com/spreadsheets/d/1ZLN5T8y7NSBIP1rvSj6TTUR_vTQbRwUKSt8zZJ_EfE4/edit?gid=461094331#gid=461094331"",""SCHEDULE_SDT_JAN26""),35,0)"),20) -> 20 | O29: =IFERROR(__xludf.DUMMYFUNCTION("VLOOKUP(C29,IMPORTRANGE(""https://docs.google.com/spreadsheets/d/1ZLN5T8y7NSBIP1rvSj6TTUR_vTQbRwUKSt8zZJ_EfE4/edit?gid=461094331#gid=461094331"",""SCHEDULE_SDT_JAN26""),34,0)"),20) -> 20 | P29: =M29*N29 -> 1000000 | R29: =I29+J29+K29+L29 -> 7250044 | S29: =I29+J29+K29+L29 -> 7250044 | T29: =IF(R29-S29<0,R29-S29,0) -> 0 | U29: 250000 | V29: =IFERROR(__xludf.DUMMYFUNCTION("VLOOKUP(C29,IMPORTRANGE(""https://docs.google.com/spreadsheets/d/1ZLN5T8y7NSBIP1rvSj6TTUR_vTQbRwUKSt8zZJ_EfE4/edit?gid=461094331#gid=461094331"",""SCHEDULE_SDT_JAN26""),36,0)"),1) -> 1 | W29: =U29*V29 -> 250000 | X29: 0 | Y29: =I29+J29+K29+P29+W29+X29 -> 7500044 | Z29: =IFERROR(__xludf.DUMMYFUNCTION("VLOOKUP(C29,IMPORTRANGE(""https://docs.google.com/spreadsheets/d/1ZLN5T8y7NSBIP1rvSj6TTUR_vTQbRwUKSt8zZJ_EfE4/edit?gid=461094331#gid=461094331"",""SCHEDULE_SDT_JAN26""),38,0)+VLOOKUP(C29,IMPORTRANGE(""https://docs.google.com/spreadsheets/d/1ZLN5T8y7NSBIP1"&"rvSj6TTUR_vTQbRwUKSt8zZJ_EfE4/edit?gid=461094331#gid=461094331"",""SCHEDULE_SDT_JAN26""),39,0)"),0) -> 0 | AA29: =IFERROR(__xludf.DUMMYFUNCTION("VLOOKUP(C29,IMPORTRANGE(""https://docs.google.com/spreadsheets/d/1ZLN5T8y7NSBIP1rvSj6TTUR_vTQbRwUKSt8zZJ_EfE4/edit?gid=461094331#gid=461094331"",""SCHEDULE_SDT_JAN26""),40,0)"),0) -> 0 | AB29: =IFERROR(__xludf.DUMMYFUNCTION("VLOOKUP(C29,IMPORTRANGE(""https://docs.google.com/spreadsheets/d/1ZLN5T8y7NSBIP1rvSj6TTUR_vTQbRwUKSt8zZJ_EfE4/edit?gid=461094331#gid=461094331"",""SCHEDULE_SDT_JAN26""),41,0)"),0) -> 0 | AC29: =IFERROR(__xludf.DUMMYFUNCTION("VLOOKUP(C29,IMPORTRANGE(""https://docs.google.com/spreadsheets/d/1ZLN5T8y7NSBIP1rvSj6TTUR_vTQbRwUKSt8zZJ_EfE4/edit?gid=461094331#gid=461094331"",""SCHEDULE_SDT_JAN26""),42,0)"),0) -> 0 | AD29: =IFERROR(__xludf.DUMMYFUNCTION("VLOOKUP(C29,IMPORTRANGE(""https://docs.google.com/spreadsheets/d/1ZLN5T8y7NSBIP1rvSj6TTUR_vTQbRwUKSt8zZJ_EfE4/edit?gid=461094331#gid=461094331"",""SCHEDULE_SDT_JAN26""),43,0)"),0) -> 0 | AE29: =U29*(Z29+AA29+AD29+(AC29)) -> 0 | AF29: 468468 | AG29: 253500 | AH29: 0 | AI29: 0 | AJ29: 0 | AK29: =AI29-AJ29 -> 0 | AL29: 0 | AM29: =AE29+AF29+AG29+AH29+AJ29+AL29 -> 721968 | AN29: =Y29-AM29 -> 6778076 | AO29: =BE29 -> 54300.093 | AP29: =AN29-AO29 -> 6723775.9 | AQ29: =AP29-X29 -> 6723775.9 | AR29: =IF(AQ29>0,ROUND(AQ29,-2),0) -> 6723800 | AT29: K/1 | AU29: B | AV29: =I29 -> 5729876 | AW29: =P29 -> 1000000 | AX29: =W29 -> 250000 | AY29: 0 | AZ29: =IF(J29=0,0,AV29*0.24%) -> 13751.702 | BA29: =IF(J29=0,0,AV29*0.3%) -> 17189.628 | BB29: =IF(K29=0,0,AV29*4%) -> 229195.04 | BC29: =SUM(AV29:BB29) -> 7240012.4 | BD29: =IF(AU29="C",VLOOKUP(BC29,TER!$J$4:$L$50,3,TRUE),IF(AU29="B",VLOOKUP(BC29,TER!$F$4:$H$50,3,TRUE),IF(AU29="A",VLOOKUP(BC29,TER!$B$4:$D$50,3,TRUE),"ERROR"))) -> 0.0075 | BE29: =BC29*BD29 -> 54300.093
B30: 23 | C30: 3329102802950001 | D30: RAFI DARMADJI | E30: BRI | F30: 065101021363507 | G30: ANGGOTA | H30: FULL - EXISTING | I30: =IF(H30="FULL - EXISTING",5729876,5729876/O30*N30) -> 5729876 | J30: 316368 | K30: 203800 | L30: 200000 | M30: =L30/O30 -> 9523.8095 | N30: =IFERROR(__xludf.DUMMYFUNCTION("VLOOKUP(C30,IMPORTRANGE(""https://docs.google.com/spreadsheets/d/1ZLN5T8y7NSBIP1rvSj6TTUR_vTQbRwUKSt8zZJ_EfE4/edit?gid=461094331#gid=461094331"",""SCHEDULE_SDT_JAN26""),35,0)"),21) -> 21 | O30: =IFERROR(__xludf.DUMMYFUNCTION("VLOOKUP(C30,IMPORTRANGE(""https://docs.google.com/spreadsheets/d/1ZLN5T8y7NSBIP1rvSj6TTUR_vTQbRwUKSt8zZJ_EfE4/edit?gid=461094331#gid=461094331"",""SCHEDULE_SDT_JAN26""),34,0)"),21) -> 21 | P30: =M30*N30 -> 200000 | R30: =I30+J30+K30+L30 -> 6450044 | S30: =I30+J30+K30+L30 -> 6450044 | T30: =IF(R30-S30<0,R30-S30,0) -> 0 | U30: 250000 | V30: =IFERROR(__xludf.DUMMYFUNCTION("VLOOKUP(C30,IMPORTRANGE(""https://docs.google.com/spreadsheets/d/1ZLN5T8y7NSBIP1rvSj6TTUR_vTQbRwUKSt8zZJ_EfE4/edit?gid=461094331#gid=461094331"",""SCHEDULE_SDT_JAN26""),36,0)"),1) -> 1 | W30: =U30*V30 -> 250000 | X30: 0 | Y30: =I30+J30+K30+P30+W30+X30 -> 6700044 | Z30: =IFERROR(__xludf.DUMMYFUNCTION("VLOOKUP(C30,IMPORTRANGE(""https://docs.google.com/spreadsheets/d/1ZLN5T8y7NSBIP1rvSj6TTUR_vTQbRwUKSt8zZJ_EfE4/edit?gid=461094331#gid=461094331"",""SCHEDULE_SDT_JAN26""),38,0)+VLOOKUP(C30,IMPORTRANGE(""https://docs.google.com/spreadsheets/d/1ZLN5T8y7NSBIP1"&"rvSj6TTUR_vTQbRwUKSt8zZJ_EfE4/edit?gid=461094331#gid=461094331"",""SCHEDULE_SDT_JAN26""),39,0)"),0) -> 0 | AA30: =IFERROR(__xludf.DUMMYFUNCTION("VLOOKUP(C30,IMPORTRANGE(""https://docs.google.com/spreadsheets/d/1ZLN5T8y7NSBIP1rvSj6TTUR_vTQbRwUKSt8zZJ_EfE4/edit?gid=461094331#gid=461094331"",""SCHEDULE_SDT_JAN26""),40,0)"),0) -> 0 | AB30: =IFERROR(__xludf.DUMMYFUNCTION("VLOOKUP(C30,IMPORTRANGE(""https://docs.google.com/spreadsheets/d/1ZLN5T8y7NSBIP1rvSj6TTUR_vTQbRwUKSt8zZJ_EfE4/edit?gid=461094331#gid=461094331"",""SCHEDULE_SDT_JAN26""),41,0)"),0) -> 0 | AC30: =IFERROR(__xludf.DUMMYFUNCTION("VLOOKUP(C30,IMPORTRANGE(""https://docs.google.com/spreadsheets/d/1ZLN5T8y7NSBIP1rvSj6TTUR_vTQbRwUKSt8zZJ_EfE4/edit?gid=461094331#gid=461094331"",""SCHEDULE_SDT_JAN26""),42,0)"),0) -> 0 | AD30: =IFERROR(__xludf.DUMMYFUNCTION("VLOOKUP(C30,IMPORTRANGE(""https://docs.google.com/spreadsheets/d/1ZLN5T8y7NSBIP1rvSj6TTUR_vTQbRwUKSt8zZJ_EfE4/edit?gid=461094331#gid=461094331"",""SCHEDULE_SDT_JAN26""),43,0)"),0) -> 0 | AE30: =U30*(Z30+AA30+AD30+(AC30)) -> 0 | AF30: 468468 | AG30: 253500 | AH30: 0 | AI30: 0 | AJ30: 0 | AK30: =AI30-AJ30 -> 0 | AL30: 0 | AM30: =AE30+AF30+AG30+AH30+AJ30+AL30 -> 721968 | AN30: =Y30-AM30 -> 5978076 | AO30: =BE30 -> 0 | AP30: =AN30-AO30 -> 5978076 | AQ30: =AP30-X30 -> 5978076 | AR30: =IF(AQ30>0,ROUND(AQ30,-2),0) -> 5978100 | AT30: K/3 | AU30: C | AV30: =I30 -> 5729876 | AW30: =P30 -> 200000 | AX30: =W30 -> 250000 | AY30: 0 | AZ30: =IF(J30=0,0,AV30*0.24%) -> 13751.702 | BA30: =IF(J30=0,0,AV30*0.3%) -> 17189.628 | BB30: =IF(K30=0,0,AV30*4%) -> 229195.04 | BC30: =SUM(AV30:BB30) -> 6440012.4 | BD30: =IF(AU30="C",VLOOKUP(BC30,TER!$J$4:$L$50,3,TRUE),IF(AU30="B",VLOOKUP(BC30,TER!$F$4:$H$50,3,TRUE),IF(AU30="A",VLOOKUP(BC30,TER!$B$4:$D$50,3,TRUE),"ERROR"))) -> 0 | BE30: =BC30*BD30 -> 0
B31: 24 | C31: 3171082807920003 | D31: MUHAMMAD MUSTOFA | E31: BRI | F31: 065101021337506 | G31: ANGGOTA | H31: FULL - EXISTING | I31: =IF(H31="FULL - EXISTING",5729876,5729876/O31*N31) -> 5729876 | J31: 316368 | K31: 203800 | L31: 1000000 | M31: =L31/O31 -> 50000 | N31: =IFERROR(__xludf.DUMMYFUNCTION("VLOOKUP(C31,IMPORTRANGE(""https://docs.google.com/spreadsheets/d/1ZLN5T8y7NSBIP1rvSj6TTUR_vTQbRwUKSt8zZJ_EfE4/edit?gid=461094331#gid=461094331"",""SCHEDULE_SDT_JAN26""),35,0)"),20) -> 20 | O31: =IFERROR(__xludf.DUMMYFUNCTION("VLOOKUP(C31,IMPORTRANGE(""https://docs.google.com/spreadsheets/d/1ZLN5T8y7NSBIP1rvSj6TTUR_vTQbRwUKSt8zZJ_EfE4/edit?gid=461094331#gid=461094331"",""SCHEDULE_SDT_JAN26""),34,0)"),20) -> 20 | P31: =M31*N31 -> 1000000 | R31: =I31+J31+K31+L31 -> 7250044 | S31: =I31+J31+K31+L31 -> 7250044 | T31: =IF(R31-S31<0,R31-S31,0) -> 0 | U31: 250000 | V31: =IFERROR(__xludf.DUMMYFUNCTION("VLOOKUP(C31,IMPORTRANGE(""https://docs.google.com/spreadsheets/d/1ZLN5T8y7NSBIP1rvSj6TTUR_vTQbRwUKSt8zZJ_EfE4/edit?gid=461094331#gid=461094331"",""SCHEDULE_SDT_JAN26""),36,0)"),2) -> 2 | W31: =U31*V31 -> 500000 | X31: 0 | Y31: =I31+J31+K31+P31+W31+X31 -> 7750044 | Z31: =IFERROR(__xludf.DUMMYFUNCTION("VLOOKUP(C31,IMPORTRANGE(""https://docs.google.com/spreadsheets/d/1ZLN5T8y7NSBIP1rvSj6TTUR_vTQbRwUKSt8zZJ_EfE4/edit?gid=461094331#gid=461094331"",""SCHEDULE_SDT_JAN26""),38,0)+VLOOKUP(C31,IMPORTRANGE(""https://docs.google.com/spreadsheets/d/1ZLN5T8y7NSBIP1"&"rvSj6TTUR_vTQbRwUKSt8zZJ_EfE4/edit?gid=461094331#gid=461094331"",""SCHEDULE_SDT_JAN26""),39,0)"),0) -> 0 | AA31: =IFERROR(__xludf.DUMMYFUNCTION("VLOOKUP(C31,IMPORTRANGE(""https://docs.google.com/spreadsheets/d/1ZLN5T8y7NSBIP1rvSj6TTUR_vTQbRwUKSt8zZJ_EfE4/edit?gid=461094331#gid=461094331"",""SCHEDULE_SDT_JAN26""),40,0)"),0) -> 0 | AB31: =IFERROR(__xludf.DUMMYFUNCTION("VLOOKUP(C31,IMPORTRANGE(""https://docs.google.com/spreadsheets/d/1ZLN5T8y7NSBIP1rvSj6TTUR_vTQbRwUKSt8zZJ_EfE4/edit?gid=461094331#gid=461094331"",""SCHEDULE_SDT_JAN26""),41,0)"),0) -> 0 | AC31: =IFERROR(__xludf.DUMMYFUNCTION("VLOOKUP(C31,IMPORTRANGE(""https://docs.google.com/spreadsheets/d/1ZLN5T8y7NSBIP1rvSj6TTUR_vTQbRwUKSt8zZJ_EfE4/edit?gid=461094331#gid=461094331"",""SCHEDULE_SDT_JAN26""),42,0)"),0) -> 0 | AD31: =IFERROR(__xludf.DUMMYFUNCTION("VLOOKUP(C31,IMPORTRANGE(""https://docs.google.com/spreadsheets/d/1ZLN5T8y7NSBIP1rvSj6TTUR_vTQbRwUKSt8zZJ_EfE4/edit?gid=461094331#gid=461094331"",""SCHEDULE_SDT_JAN26""),43,0)"),0) -> 0 | AE31: =U31*(Z31+AA31+AD31+(AC31)) -> 0 | AF31: 468468 | AG31: 253500 | AH31: 0 | AI31: 0 | AJ31: 0 | AK31: =AI31-AJ31 -> 0 | AL31: 0 | AM31: =AE31+AF31+AG31+AH31+AJ31+AL31 -> 721968 | AN31: =Y31-AM31 -> 7028076 | AO31: =BE31 -> 93625.155 | AP31: =AN31-AO31 -> 6934450.8 | AQ31: =AP31-X31 -> 6934450.8 | AR31: =IF(AQ31>0,ROUND(AQ31,-2),0) -> 6934500 | AT31: TK/0 | AU31: A | AV31: =I31 -> 5729876 | AW31: =P31 -> 1000000 | AX31: =W31 -> 500000 | AY31: 0 | AZ31: =IF(J31=0,0,AV31*0.24%) -> 13751.702 | BA31: =IF(J31=0,0,AV31*0.3%) -> 17189.628 | BB31: =IF(K31=0,0,AV31*4%) -> 229195.04 | BC31: =SUM(AV31:BB31) -> 7490012.4 | BD31: =IF(AU31="C",VLOOKUP(BC31,TER!$J$4:$L$50,3,TRUE),IF(AU31="B",VLOOKUP(BC31,TER!$F$4:$H$50,3,TRUE),IF(AU31="A",VLOOKUP(BC31,TER!$B$4:$D$50,3,TRUE),"ERROR"))) -> 0.0125 | BE31: =BC31*BD31 -> 93625.155
B32: 25 | C32: 3171042209890003 | D32: MUHAMMAD RAYHAN | E32: BRI | F32: 065101021338502 | G32: ANGGOTA | H32: FULL - EXISTING | I32: =IF(H32="FULL - EXISTING",5729876,5729876/O32*N32) -> 5729876 | J32: 316368 | K32: 203800 | L32: 200000 | M32: =L32/O32 -> 10000 | N32: =IFERROR(__xludf.DUMMYFUNCTION("VLOOKUP(C32,IMPORTRANGE(""https://docs.google.com/spreadsheets/d/1ZLN5T8y7NSBIP1rvSj6TTUR_vTQbRwUKSt8zZJ_EfE4/edit?gid=461094331#gid=461094331"",""SCHEDULE_SDT_JAN26""),35,0)"),18) -> 18 | O32: =IFERROR(__xludf.DUMMYFUNCTION("VLOOKUP(C32,IMPORTRANGE(""https://docs.google.com/spreadsheets/d/1ZLN5T8y7NSBIP1rvSj6TTUR_vTQbRwUKSt8zZJ_EfE4/edit?gid=461094331#gid=461094331"",""SCHEDULE_SDT_JAN26""),34,0)"),20) -> 20 | P32: =M32*N32 -> 180000 | R32: =I32+J32+K32+L32 -> 6450044 | S32: =I32+J32+K32+L32 -> 6450044 | T32: =IF(R32-S32<0,R32-S32,0) -> 0 | U32: 250000 | V32: =IFERROR(__xludf.DUMMYFUNCTION("VLOOKUP(C32,IMPORTRANGE(""https://docs.google.com/spreadsheets/d/1ZLN5T8y7NSBIP1rvSj6TTUR_vTQbRwUKSt8zZJ_EfE4/edit?gid=461094331#gid=461094331"",""SCHEDULE_SDT_JAN26""),36,0)"),2) -> 2 | W32: =U32*V32 -> 500000 | X32: 0 | Y32: =I32+J32+K32+P32+W32+X32 -> 6930044 | Z32: =IFERROR(__xludf.DUMMYFUNCTION("VLOOKUP(C32,IMPORTRANGE(""https://docs.google.com/spreadsheets/d/1ZLN5T8y7NSBIP1rvSj6TTUR_vTQbRwUKSt8zZJ_EfE4/edit?gid=461094331#gid=461094331"",""SCHEDULE_SDT_JAN26""),38,0)+VLOOKUP(C32,IMPORTRANGE(""https://docs.google.com/spreadsheets/d/1ZLN5T8y7NSBIP1"&"rvSj6TTUR_vTQbRwUKSt8zZJ_EfE4/edit?gid=461094331#gid=461094331"",""SCHEDULE_SDT_JAN26""),39,0)"),0) -> 0 | AA32: =IFERROR(__xludf.DUMMYFUNCTION("VLOOKUP(C32,IMPORTRANGE(""https://docs.google.com/spreadsheets/d/1ZLN5T8y7NSBIP1rvSj6TTUR_vTQbRwUKSt8zZJ_EfE4/edit?gid=461094331#gid=461094331"",""SCHEDULE_SDT_JAN26""),40,0)"),0) -> 0 | AB32: =IFERROR(__xludf.DUMMYFUNCTION("VLOOKUP(C32,IMPORTRANGE(""https://docs.google.com/spreadsheets/d/1ZLN5T8y7NSBIP1rvSj6TTUR_vTQbRwUKSt8zZJ_EfE4/edit?gid=461094331#gid=461094331"",""SCHEDULE_SDT_JAN26""),41,0)"),2) -> 2 | AC32: =IFERROR(__xludf.DUMMYFUNCTION("VLOOKUP(C32,IMPORTRANGE(""https://docs.google.com/spreadsheets/d/1ZLN5T8y7NSBIP1rvSj6TTUR_vTQbRwUKSt8zZJ_EfE4/edit?gid=461094331#gid=461094331"",""SCHEDULE_SDT_JAN26""),42,0)"),0) -> 0 | AD32: =IFERROR(__xludf.DUMMYFUNCTION("VLOOKUP(C32,IMPORTRANGE(""https://docs.google.com/spreadsheets/d/1ZLN5T8y7NSBIP1rvSj6TTUR_vTQbRwUKSt8zZJ_EfE4/edit?gid=461094331#gid=461094331"",""SCHEDULE_SDT_JAN26""),43,0)"),0) -> 0 | AE32: =U32*(Z32+AA32+AD32+(AC32)) -> 0 | AF32: 468468 | AG32: 253500 | AH32: 0 | AI32: 0 | AJ32: 0 | AK32: =AI32-AJ32 -> 0 | AL32: 0 | AM32: =AE32+AF32+AG32+AH32+AJ32+AL32 -> 721968 | AN32: =Y32-AM32 -> 6208076 | AO32: =BE32 -> 33350.062 | AP32: =AN32-AO32 -> 6174725.9 | AQ32: =AP32-X32 -> 6174725.9 | AR32: =IF(AQ32>0,ROUND(AQ32,-2),0) -> 6174700 | AT32: K/1 | AU32: B | AV32: =I32 -> 5729876 | AW32: =P32 -> 180000 | AX32: =W32 -> 500000 | AY32: 0 | AZ32: =IF(J32=0,0,AV32*0.24%) -> 13751.702 | BA32: =IF(J32=0,0,AV32*0.3%) -> 17189.628 | BB32: =IF(K32=0,0,AV32*4%) -> 229195.04 | BC32: =SUM(AV32:BB32) -> 6670012.4 | BD32: =IF(AU32="C",VLOOKUP(BC32,TER!$J$4:$L$50,3,TRUE),IF(AU32="B",VLOOKUP(BC32,TER!$F$4:$H$50,3,TRUE),IF(AU32="A",VLOOKUP(BC32,TER!$B$4:$D$50,3,TRUE),"ERROR"))) -> 0.005 | BE32: =BC32*BD32 -> 33350.062
B33: 26 | C33: 3175052603860009 | D33: SUMARJIYONO | E33: BRI | F33: 065101021339508 | G33: ANGGOTA | H33: FULL - EXISTING | I33: =IF(H33="FULL - EXISTING",5729876,5729876/O33*N33) -> 5729876 | J33: 316368 | K33: 203800 | L33: 1000000 | M33: =L33/O33 -> 50000 | N33: =IFERROR(__xludf.DUMMYFUNCTION("VLOOKUP(C33,IMPORTRANGE(""https://docs.google.com/spreadsheets/d/1ZLN5T8y7NSBIP1rvSj6TTUR_vTQbRwUKSt8zZJ_EfE4/edit?gid=461094331#gid=461094331"",""SCHEDULE_SDT_JAN26""),35,0)"),20) -> 20 | O33: =IFERROR(__xludf.DUMMYFUNCTION("VLOOKUP(C33,IMPORTRANGE(""https://docs.google.com/spreadsheets/d/1ZLN5T8y7NSBIP1rvSj6TTUR_vTQbRwUKSt8zZJ_EfE4/edit?gid=461094331#gid=461094331"",""SCHEDULE_SDT_JAN26""),34,0)"),20) -> 20 | P33: =M33*N33 -> 1000000 | R33: =I33+J33+K33+L33 -> 7250044 | S33: =I33+J33+K33+L33 -> 7250044 | T33: =IF(R33-S33<0,R33-S33,0) -> 0 | U33: 250000 | V33: =IFERROR(__xludf.DUMMYFUNCTION("VLOOKUP(C33,IMPORTRANGE(""https://docs.google.com/spreadsheets/d/1ZLN5T8y7NSBIP1rvSj6TTUR_vTQbRwUKSt8zZJ_EfE4/edit?gid=461094331#gid=461094331"",""SCHEDULE_SDT_JAN26""),36,0)"),1) -> 1 | W33: =U33*V33 -> 250000 | X33: 0 | Y33: =I33+J33+K33+P33+W33+X33 -> 7500044 | Z33: =IFERROR(__xludf.DUMMYFUNCTION("VLOOKUP(C33,IMPORTRANGE(""https://docs.google.com/spreadsheets/d/1ZLN5T8y7NSBIP1rvSj6TTUR_vTQbRwUKSt8zZJ_EfE4/edit?gid=461094331#gid=461094331"",""SCHEDULE_SDT_JAN26""),38,0)+VLOOKUP(C33,IMPORTRANGE(""https://docs.google.com/spreadsheets/d/1ZLN5T8y7NSBIP1"&"rvSj6TTUR_vTQbRwUKSt8zZJ_EfE4/edit?gid=461094331#gid=461094331"",""SCHEDULE_SDT_JAN26""),39,0)"),0) -> 0 | AA33: =IFERROR(__xludf.DUMMYFUNCTION("VLOOKUP(C33,IMPORTRANGE(""https://docs.google.com/spreadsheets/d/1ZLN5T8y7NSBIP1rvSj6TTUR_vTQbRwUKSt8zZJ_EfE4/edit?gid=461094331#gid=461094331"",""SCHEDULE_SDT_JAN26""),40,0)"),0) -> 0 | AB33: =IFERROR(__xludf.DUMMYFUNCTION("VLOOKUP(C33,IMPORTRANGE(""https://docs.google.com/spreadsheets/d/1ZLN5T8y7NSBIP1rvSj6TTUR_vTQbRwUKSt8zZJ_EfE4/edit?gid=461094331#gid=461094331"",""SCHEDULE_SDT_JAN26""),41,0)"),0) -> 0 | AC33: =IFERROR(__xludf.DUMMYFUNCTION("VLOOKUP(C33,IMPORTRANGE(""https://docs.google.com/spreadsheets/d/1ZLN5T8y7NSBIP1rvSj6TTUR_vTQbRwUKSt8zZJ_EfE4/edit?gid=461094331#gid=461094331"",""SCHEDULE_SDT_JAN26""),42,0)"),0) -> 0 | AD33: =IFERROR(__xludf.DUMMYFUNCTION("VLOOKUP(C33,IMPORTRANGE(""https://docs.google.com/spreadsheets/d/1ZLN5T8y7NSBIP1rvSj6TTUR_vTQbRwUKSt8zZJ_EfE4/edit?gid=461094331#gid=461094331"",""SCHEDULE_SDT_JAN26""),43,0)"),0) -> 0 | AE33: =U33*(Z33+AA33+AD33+(AC33)) -> 0 | AF33: 468468 | AG33: 253500 | AH33: 0 | AI33: 0 | AJ33: 0 | AK33: =AI33-AJ33 -> 0 | AL33: 0 | AM33: =AE33+AF33+AG33+AH33+AJ33+AL33 -> 721968 | AN33: =Y33-AM33 -> 6778076 | AO33: =BE33 -> 54300.093 | AP33: =AN33-AO33 -> 6723775.9 | AQ33: =AP33-X33 -> 6723775.9 | AR33: =IF(AQ33>0,ROUND(AQ33,-2),0) -> 6723800 | AT33: K/1 | AU33: B | AV33: =I33 -> 5729876 | AW33: =P33 -> 1000000 | AX33: =W33 -> 250000 | AY33: 0 | AZ33: =IF(J33=0,0,AV33*0.24%) -> 13751.702 | BA33: =IF(J33=0,0,AV33*0.3%) -> 17189.628 | BB33: =IF(K33=0,0,AV33*4%) -> 229195.04 | BC33: =SUM(AV33:BB33) -> 7240012.4 | BD33: =IF(AU33="C",VLOOKUP(BC33,TER!$J$4:$L$50,3,TRUE),IF(AU33="B",VLOOKUP(BC33,TER!$F$4:$H$50,3,TRUE),IF(AU33="A",VLOOKUP(BC33,TER!$B$4:$D$50,3,TRUE),"ERROR"))) -> 0.0075 | BE33: =BC33*BD33 -> 54300.093
B34: 27 | C34: 8101111701010003 | D34: MUTALIP AINSA | E34: BRI | F34: 065101021340509 | G34: ANGGOTA | H34: FULL - EXISTING | I34: =IF(H34="FULL - EXISTING",5729876,5729876/O34*N34) -> 5729876 | J34: 316368 | K34: 203800 | L34: 100000 | M34: =L34/O34 -> 4761.9048 | N34: =IFERROR(__xludf.DUMMYFUNCTION("VLOOKUP(C34,IMPORTRANGE(""https://docs.google.com/spreadsheets/d/1ZLN5T8y7NSBIP1rvSj6TTUR_vTQbRwUKSt8zZJ_EfE4/edit?gid=461094331#gid=461094331"",""SCHEDULE_SDT_JAN26""),35,0)"),21) -> 21 | O34: =IFERROR(__xludf.DUMMYFUNCTION("VLOOKUP(C34,IMPORTRANGE(""https://docs.google.com/spreadsheets/d/1ZLN5T8y7NSBIP1rvSj6TTUR_vTQbRwUKSt8zZJ_EfE4/edit?gid=461094331#gid=461094331"",""SCHEDULE_SDT_JAN26""),34,0)"),21) -> 21 | P34: =M34*N34 -> 100000 | R34: =I34+J34+K34+L34 -> 6350044 | S34: =I34+J34+K34+L34 -> 6350044 | T34: =IF(R34-S34<0,R34-S34,0) -> 0 | U34: 250000 | V34: =IFERROR(__xludf.DUMMYFUNCTION("VLOOKUP(C34,IMPORTRANGE(""https://docs.google.com/spreadsheets/d/1ZLN5T8y7NSBIP1rvSj6TTUR_vTQbRwUKSt8zZJ_EfE4/edit?gid=461094331#gid=461094331"",""SCHEDULE_SDT_JAN26""),36,0)"),1) -> 1 | W34: =U34*V34 -> 250000 | X34: 0 | Y34: =I34+J34+K34+P34+W34+X34 -> 6600044 | Z34: =IFERROR(__xludf.DUMMYFUNCTION("VLOOKUP(C34,IMPORTRANGE(""https://docs.google.com/spreadsheets/d/1ZLN5T8y7NSBIP1rvSj6TTUR_vTQbRwUKSt8zZJ_EfE4/edit?gid=461094331#gid=461094331"",""SCHEDULE_SDT_JAN26""),38,0)+VLOOKUP(C34,IMPORTRANGE(""https://docs.google.com/spreadsheets/d/1ZLN5T8y7NSBIP1"&"rvSj6TTUR_vTQbRwUKSt8zZJ_EfE4/edit?gid=461094331#gid=461094331"",""SCHEDULE_SDT_JAN26""),39,0)"),0) -> 0 | AA34: =IFERROR(__xludf.DUMMYFUNCTION("VLOOKUP(C34,IMPORTRANGE(""https://docs.google.com/spreadsheets/d/1ZLN5T8y7NSBIP1rvSj6TTUR_vTQbRwUKSt8zZJ_EfE4/edit?gid=461094331#gid=461094331"",""SCHEDULE_SDT_JAN26""),40,0)"),0) -> 0 | AB34: =IFERROR(__xludf.DUMMYFUNCTION("VLOOKUP(C34,IMPORTRANGE(""https://docs.google.com/spreadsheets/d/1ZLN5T8y7NSBIP1rvSj6TTUR_vTQbRwUKSt8zZJ_EfE4/edit?gid=461094331#gid=461094331"",""SCHEDULE_SDT_JAN26""),41,0)"),0) -> 0 | AC34: =IFERROR(__xludf.DUMMYFUNCTION("VLOOKUP(C34,IMPORTRANGE(""https://docs.google.com/spreadsheets/d/1ZLN5T8y7NSBIP1rvSj6TTUR_vTQbRwUKSt8zZJ_EfE4/edit?gid=461094331#gid=461094331"",""SCHEDULE_SDT_JAN26""),42,0)"),0) -> 0 | AD34: =IFERROR(__xludf.DUMMYFUNCTION("VLOOKUP(C34,IMPORTRANGE(""https://docs.google.com/spreadsheets/d/1ZLN5T8y7NSBIP1rvSj6TTUR_vTQbRwUKSt8zZJ_EfE4/edit?gid=461094331#gid=461094331"",""SCHEDULE_SDT_JAN26""),43,0)"),0) -> 0 | AE34: =U34*(Z34+AA34+AD34+(AC34)) -> 0 | AF34: 468468 | AG34: 253500 | AH34: 0 | AI34: 0 | AJ34: 0 | AK34: =AI34-AJ34 -> 0 | AL34: 0 | AM34: =AE34+AF34+AG34+AH34+AJ34+AL34 -> 721968 | AN34: =Y34-AM34 -> 5878076 | AO34: =BE34 -> 63400.124 | AP34: =AN34-AO34 -> 5814675.9 | AQ34: =AP34-X34 -> 5814675.9 | AR34: =IF(AQ34>0,ROUND(AQ34,-2),0) -> 5814700 | AT34: K/0 | AU34: A | AV34: =I34 -> 5729876 | AW34: =P34 -> 100000 | AX34: =W34 -> 250000 | AY34: 0 | AZ34: =IF(J34=0,0,AV34*0.24%) -> 13751.702 | BA34: =IF(J34=0,0,AV34*0.3%) -> 17189.628 | BB34: =IF(K34=0,0,AV34*4%) -> 229195.04 | BC34: =SUM(AV34:BB34) -> 6340012.4 | BD34: =IF(AU34="C",VLOOKUP(BC34,TER!$J$4:$L$50,3,TRUE),IF(AU34="B",VLOOKUP(BC34,TER!$F$4:$H$50,3,TRUE),IF(AU34="A",VLOOKUP(BC34,TER!$B$4:$D$50,3,TRUE),"ERROR"))) -> 0.01 | BE34: =BC34*BD34 -> 63400.124
B35: 28 | C35: 3201330105840003 | D35: ODI SUKARDI | E35: BRI | F35: 065101021341505 | G35: ANGGOTA | H35: FULL - EXISTING | I35: =IF(H35="FULL - EXISTING",5729876,5729876/O35*N35) -> 5729876 | J35: 316368 | K35: 203800 | L35: 1000000 | M35: =L35/O35 -> 47619.048 | N35: =IFERROR(__xludf.DUMMYFUNCTION("VLOOKUP(C35,IMPORTRANGE(""https://docs.google.com/spreadsheets/d/1ZLN5T8y7NSBIP1rvSj6TTUR_vTQbRwUKSt8zZJ_EfE4/edit?gid=461094331#gid=461094331"",""SCHEDULE_SDT_JAN26""),35,0)"),21) -> 21 | O35: =IFERROR(__xludf.DUMMYFUNCTION("VLOOKUP(C35,IMPORTRANGE(""https://docs.google.com/spreadsheets/d/1ZLN5T8y7NSBIP1rvSj6TTUR_vTQbRwUKSt8zZJ_EfE4/edit?gid=461094331#gid=461094331"",""SCHEDULE_SDT_JAN26""),34,0)"),21) -> 21 | P35: =M35*N35 -> 1000000 | R35: =I35+J35+K35+L35 -> 7250044 | S35: =I35+J35+K35+L35 -> 7250044 | T35: =IF(R35-S35<0,R35-S35,0) -> 0 | U35: 250000 | V35: =IFERROR(__xludf.DUMMYFUNCTION("VLOOKUP(C35,IMPORTRANGE(""https://docs.google.com/spreadsheets/d/1ZLN5T8y7NSBIP1rvSj6TTUR_vTQbRwUKSt8zZJ_EfE4/edit?gid=461094331#gid=461094331"",""SCHEDULE_SDT_JAN26""),36,0)"),2) -> 2 | W35: =U35*V35 -> 500000 | X35: 0 | Y35: =I35+J35+K35+P35+W35+X35 -> 7750044 | Z35: =IFERROR(__xludf.DUMMYFUNCTION("VLOOKUP(C35,IMPORTRANGE(""https://docs.google.com/spreadsheets/d/1ZLN5T8y7NSBIP1rvSj6TTUR_vTQbRwUKSt8zZJ_EfE4/edit?gid=461094331#gid=461094331"",""SCHEDULE_SDT_JAN26""),38,0)+VLOOKUP(C35,IMPORTRANGE(""https://docs.google.com/spreadsheets/d/1ZLN5T8y7NSBIP1"&"rvSj6TTUR_vTQbRwUKSt8zZJ_EfE4/edit?gid=461094331#gid=461094331"",""SCHEDULE_SDT_JAN26""),39,0)"),0) -> 0 | AA35: =IFERROR(__xludf.DUMMYFUNCTION("VLOOKUP(C35,IMPORTRANGE(""https://docs.google.com/spreadsheets/d/1ZLN5T8y7NSBIP1rvSj6TTUR_vTQbRwUKSt8zZJ_EfE4/edit?gid=461094331#gid=461094331"",""SCHEDULE_SDT_JAN26""),40,0)"),0) -> 0 | AB35: =IFERROR(__xludf.DUMMYFUNCTION("VLOOKUP(C35,IMPORTRANGE(""https://docs.google.com/spreadsheets/d/1ZLN5T8y7NSBIP1rvSj6TTUR_vTQbRwUKSt8zZJ_EfE4/edit?gid=461094331#gid=461094331"",""SCHEDULE_SDT_JAN26""),41,0)"),0) -> 0 | AC35: =IFERROR(__xludf.DUMMYFUNCTION("VLOOKUP(C35,IMPORTRANGE(""https://docs.google.com/spreadsheets/d/1ZLN5T8y7NSBIP1rvSj6TTUR_vTQbRwUKSt8zZJ_EfE4/edit?gid=461094331#gid=461094331"",""SCHEDULE_SDT_JAN26""),42,0)"),0) -> 0 | AD35: =IFERROR(__xludf.DUMMYFUNCTION("VLOOKUP(C35,IMPORTRANGE(""https://docs.google.com/spreadsheets/d/1ZLN5T8y7NSBIP1rvSj6TTUR_vTQbRwUKSt8zZJ_EfE4/edit?gid=461094331#gid=461094331"",""SCHEDULE_SDT_JAN26""),43,0)"),0) -> 0 | AE35: =U35*(Z35+AA35+AD35+(AC35)) -> 0 | AF35: 468468 | AG35: 253500 | AH35: 0 | AI35: 0 | AJ35: 0 | AK35: =AI35-AJ35 -> 0 | AL35: 0 | AM35: =AE35+AF35+AG35+AH35+AJ35+AL35 -> 721968 | AN35: =Y35-AM35 -> 7028076 | AO35: =BE35 -> 93625.155 | AP35: =AN35-AO35 -> 6934450.8 | AQ35: =AP35-X35 -> 6934450.8 | AR35: =IF(AQ35>0,ROUND(AQ35,-2),0) -> 6934500 | AT35: TK/0 | AU35: A | AV35: =I35 -> 5729876 | AW35: =P35 -> 1000000 | AX35: =W35 -> 500000 | AY35: 0 | AZ35: =IF(J35=0,0,AV35*0.24%) -> 13751.702 | BA35: =IF(J35=0,0,AV35*0.3%) -> 17189.628 | BB35: =IF(K35=0,0,AV35*4%) -> 229195.04 | BC35: =SUM(AV35:BB35) -> 7490012.4 | BD35: =IF(AU35="C",VLOOKUP(BC35,TER!$J$4:$L$50,3,TRUE),IF(AU35="B",VLOOKUP(BC35,TER!$F$4:$H$50,3,TRUE),IF(AU35="A",VLOOKUP(BC35,TER!$B$4:$D$50,3,TRUE),"ERROR"))) -> 0.0125 | BE35: =BC35*BD35 -> 93625.155
B36: 29 | C36: 3175061708020012 | D36: AGUS IMANUDIN | E36: BRI | F36: 065101021371500 | G36: ANGGOTA | H36: FULL - EXISTING | I36: =IF(H36="FULL - EXISTING",5729876,5729876/O36*N36) -> 5729876 | J36: 316368 | K36: 203800 | L36: 200000 | M36: =L36/O36 -> 9523.8095 | N36: =IFERROR(__xludf.DUMMYFUNCTION("VLOOKUP(C36,IMPORTRANGE(""https://docs.google.com/spreadsheets/d/1ZLN5T8y7NSBIP1rvSj6TTUR_vTQbRwUKSt8zZJ_EfE4/edit?gid=461094331#gid=461094331"",""SCHEDULE_SDT_JAN26""),35,0)"),21) -> 21 | O36: =IFERROR(__xludf.DUMMYFUNCTION("VLOOKUP(C36,IMPORTRANGE(""https://docs.google.com/spreadsheets/d/1ZLN5T8y7NSBIP1rvSj6TTUR_vTQbRwUKSt8zZJ_EfE4/edit?gid=461094331#gid=461094331"",""SCHEDULE_SDT_JAN26""),34,0)"),21) -> 21 | P36: =M36*N36 -> 200000 | R36: =I36+J36+K36+L36 -> 6450044 | S36: =I36+J36+K36+L36 -> 6450044 | T36: =IF(R36-S36<0,R36-S36,0) -> 0 | U36: 250000 | V36: =IFERROR(__xludf.DUMMYFUNCTION("VLOOKUP(C36,IMPORTRANGE(""https://docs.google.com/spreadsheets/d/1ZLN5T8y7NSBIP1rvSj6TTUR_vTQbRwUKSt8zZJ_EfE4/edit?gid=461094331#gid=461094331"",""SCHEDULE_SDT_JAN26""),36,0)"),2) -> 2 | W36: =U36*V36 -> 500000 | X36: 0 | Y36: =I36+J36+K36+P36+W36+X36 -> 6950044 | Z36: =IFERROR(__xludf.DUMMYFUNCTION("VLOOKUP(C36,IMPORTRANGE(""https://docs.google.com/spreadsheets/d/1ZLN5T8y7NSBIP1rvSj6TTUR_vTQbRwUKSt8zZJ_EfE4/edit?gid=461094331#gid=461094331"",""SCHEDULE_SDT_JAN26""),38,0)+VLOOKUP(C36,IMPORTRANGE(""https://docs.google.com/spreadsheets/d/1ZLN5T8y7NSBIP1"&"rvSj6TTUR_vTQbRwUKSt8zZJ_EfE4/edit?gid=461094331#gid=461094331"",""SCHEDULE_SDT_JAN26""),39,0)"),0) -> 0 | AA36: =IFERROR(__xludf.DUMMYFUNCTION("VLOOKUP(C36,IMPORTRANGE(""https://docs.google.com/spreadsheets/d/1ZLN5T8y7NSBIP1rvSj6TTUR_vTQbRwUKSt8zZJ_EfE4/edit?gid=461094331#gid=461094331"",""SCHEDULE_SDT_JAN26""),40,0)"),0) -> 0 | AB36: =IFERROR(__xludf.DUMMYFUNCTION("VLOOKUP(C36,IMPORTRANGE(""https://docs.google.com/spreadsheets/d/1ZLN5T8y7NSBIP1rvSj6TTUR_vTQbRwUKSt8zZJ_EfE4/edit?gid=461094331#gid=461094331"",""SCHEDULE_SDT_JAN26""),41,0)"),0) -> 0 | AC36: =IFERROR(__xludf.DUMMYFUNCTION("VLOOKUP(C36,IMPORTRANGE(""https://docs.google.com/spreadsheets/d/1ZLN5T8y7NSBIP1rvSj6TTUR_vTQbRwUKSt8zZJ_EfE4/edit?gid=461094331#gid=461094331"",""SCHEDULE_SDT_JAN26""),42,0)"),0) -> 0 | AD36: =IFERROR(__xludf.DUMMYFUNCTION("VLOOKUP(C36,IMPORTRANGE(""https://docs.google.com/spreadsheets/d/1ZLN5T8y7NSBIP1rvSj6TTUR_vTQbRwUKSt8zZJ_EfE4/edit?gid=461094331#gid=461094331"",""SCHEDULE_SDT_JAN26""),43,0)"),0) -> 0 | AE36: =U36*(Z36+AA36+AD36+(AC36)) -> 0 | AF36: 468468 | AG36: 253500 | AH36: 0 | AI36: 0 | AJ36: 0 | AK36: =AI36-AJ36 -> 0 | AL36: 0 | AM36: =AE36+AF36+AG36+AH36+AJ36+AL36 -> 721968 | AN36: =Y36-AM36 -> 6228076 | AO36: =BE36 -> 66900.124 | AP36: =AN36-AO36 -> 6161175.9 | AQ36: =AP36-X36 -> 6161175.9 | AR36: =IF(AQ36>0,ROUND(AQ36,-2),0) -> 6161200 | AT36: TK/0 | AU36: A | AV36: =I36 -> 5729876 | AW36: =P36 -> 200000 | AX36: =W36 -> 500000 | AY36: 0 | AZ36: =IF(J36=0,0,AV36*0.24%) -> 13751.702 | BA36: =IF(J36=0,0,AV36*0.3%) -> 17189.628 | BB36: =IF(K36=0,0,AV36*4%) -> 229195.04 | BC36: =SUM(AV36:BB36) -> 6690012.4 | BD36: =IF(AU36="C",VLOOKUP(BC36,TER!$J$4:$L$50,3,TRUE),IF(AU36="B",VLOOKUP(BC36,TER!$F$4:$H$50,3,TRUE),IF(AU36="A",VLOOKUP(BC36,TER!$B$4:$D$50,3,TRUE),"ERROR"))) -> 0.01 | BE36: =BC36*BD36 -> 66900.124
B37: 30 | C37: 1220061809000002 | D37: SARWEDI | E37: BRI | F37: 065101021342501 | G37: SHIFT LEADER | H37: FULL - EXISTING | I37: =IF(H37="FULL - EXISTING",5729876,5729876/O37*N37) -> 5729876 | J37: 316368 | K37: 203800 | L37: 2000000 | M37: =L37/O37 -> 95238.095 | N37: =IFERROR(__xludf.DUMMYFUNCTION("VLOOKUP(C37,IMPORTRANGE(""https://docs.google.com/spreadsheets/d/1ZLN5T8y7NSBIP1rvSj6TTUR_vTQbRwUKSt8zZJ_EfE4/edit?gid=461094331#gid=461094331"",""SCHEDULE_SDT_JAN26""),35,0)"),13) -> 13 | O37: =IFERROR(__xludf.DUMMYFUNCTION("VLOOKUP(C37,IMPORTRANGE(""https://docs.google.com/spreadsheets/d/1ZLN5T8y7NSBIP1rvSj6TTUR_vTQbRwUKSt8zZJ_EfE4/edit?gid=461094331#gid=461094331"",""SCHEDULE_SDT_JAN26""),34,0)"),21) -> 21 | P37: =M37*N37 -> 1238095.2 | R37: =I37+J37+K37+L37 -> 8250044 | S37: =I37+J37+K37+L37 -> 8250044 | T37: =IF(R37-S37<0,R37-S37,0) -> 0 | U37: 250000 | V37: =IFERROR(__xludf.DUMMYFUNCTION("VLOOKUP(C37,IMPORTRANGE(""https://docs.google.com/spreadsheets/d/1ZLN5T8y7NSBIP1rvSj6TTUR_vTQbRwUKSt8zZJ_EfE4/edit?gid=461094331#gid=461094331"",""SCHEDULE_SDT_JAN26""),36,0)"),0) -> 0 | W37: =U37*V37 -> 0 | X37: 0 | Y37: =I37+J37+K37+P37+W37+X37 -> 7488139.2 | Z37: =IFERROR(__xludf.DUMMYFUNCTION("VLOOKUP(C37,IMPORTRANGE(""https://docs.google.com/spreadsheets/d/1ZLN5T8y7NSBIP1rvSj6TTUR_vTQbRwUKSt8zZJ_EfE4/edit?gid=461094331#gid=461094331"",""SCHEDULE_SDT_JAN26""),38,0)+VLOOKUP(C37,IMPORTRANGE(""https://docs.google.com/spreadsheets/d/1ZLN5T8y7NSBIP1"&"rvSj6TTUR_vTQbRwUKSt8zZJ_EfE4/edit?gid=461094331#gid=461094331"",""SCHEDULE_SDT_JAN26""),39,0)"),0) -> 0 | AA37: =IFERROR(__xludf.DUMMYFUNCTION("VLOOKUP(C37,IMPORTRANGE(""https://docs.google.com/spreadsheets/d/1ZLN5T8y7NSBIP1rvSj6TTUR_vTQbRwUKSt8zZJ_EfE4/edit?gid=461094331#gid=461094331"",""SCHEDULE_SDT_JAN26""),40,0)"),0) -> 0 | AB37: =IFERROR(__xludf.DUMMYFUNCTION("VLOOKUP(C37,IMPORTRANGE(""https://docs.google.com/spreadsheets/d/1ZLN5T8y7NSBIP1rvSj6TTUR_vTQbRwUKSt8zZJ_EfE4/edit?gid=461094331#gid=461094331"",""SCHEDULE_SDT_JAN26""),41,0)"),6) -> 6 | AC37: =IFERROR(__xludf.DUMMYFUNCTION("VLOOKUP(C37,IMPORTRANGE(""https://docs.google.com/spreadsheets/d/1ZLN5T8y7NSBIP1rvSj6TTUR_vTQbRwUKSt8zZJ_EfE4/edit?gid=461094331#gid=461094331"",""SCHEDULE_SDT_JAN26""),42,0)"),0) -> 0 | AD37: =IFERROR(__xludf.DUMMYFUNCTION("VLOOKUP(C37,IMPORTRANGE(""https://docs.google.com/spreadsheets/d/1ZLN5T8y7NSBIP1rvSj6TTUR_vTQbRwUKSt8zZJ_EfE4/edit?gid=461094331#gid=461094331"",""SCHEDULE_SDT_JAN26""),43,0)"),0) -> 0 | AE37: =U37*(Z37+AA37+AD37+(AC37)) -> 0 | AF37: 468468 | AG37: 253500 | AH37: 0 | AI37: 0 | AJ37: 0 | AK37: =AI37-AJ37 -> 0 | AL37: 0 | AM37: =AE37+AF37+AG37+AH37+AJ37+AL37 -> 721968 | AN37: =Y37-AM37 -> 6766171.2 | AO37: =BE37 -> 90351.345 | AP37: =AN37-AO37 -> 6675819.9 | AQ37: =AP37-X37 -> 6675819.9 | AR37: =IF(AQ37>0,ROUND(AQ37,-2),0) -> 6675800 | AT37: TK/0 | AU37: A | AV37: =I37 -> 5729876 | AW37: =P37 -> 1238095.2 | AX37: =W37 -> 0 | AY37: 0 | AZ37: =IF(J37=0,0,AV37*0.24%) -> 13751.702 | BA37: =IF(J37=0,0,AV37*0.3%) -> 17189.628 | BB37: =IF(K37=0,0,AV37*4%) -> 229195.04 | BC37: =SUM(AV37:BB37) -> 7228107.6 | BD37: =IF(AU37="C",VLOOKUP(BC37,TER!$J$4:$L$50,3,TRUE),IF(AU37="B",VLOOKUP(BC37,TER!$F$4:$H$50,3,TRUE),IF(AU37="A",VLOOKUP(BC37,TER!$B$4:$D$50,3,TRUE),"ERROR"))) -> 0.0125 | BE37: =BC37*BD37 -> 90351.345
B38: 30 A | C38: 1220061809000002 A | D38: SARWEDI | E38: BRI | F38: 065101021342502 | G38: CHIEF | H38: PRORATE - MASUK | L38: 2750000 | M38: =L38/O38 -> 137500 | N38: =IFERROR(__xludf.DUMMYFUNCTION("VLOOKUP(C38,IMPORTRANGE(""https://docs.google.com/spreadsheets/d/1ZLN5T8y7NSBIP1rvSj6TTUR_vTQbRwUKSt8zZJ_EfE4/edit?gid=461094331#gid=461094331"",""SCHEDULE_SDT_JAN26""),35,0)"),1) -> 1 | O38: 20 | P38: =M38*N38 -> 137500 | R38: =I38+J38+K38+L38 -> 2750000 | S38: =I38+J38+K38+L38 -> 2750000 | T38: =IF(R38-S38<0,R38-S38,0) -> 0 | U38: 250000 | V38: =IFERROR(__xludf.DUMMYFUNCTION("VLOOKUP(C38,IMPORTRANGE(""https://docs.google.com/spreadsheets/d/1ZLN5T8y7NSBIP1rvSj6TTUR_vTQbRwUKSt8zZJ_EfE4/edit?gid=461094331#gid=461094331"",""SCHEDULE_SDT_JAN26""),36,0)"),0) -> 0 | W38: =U38*V38 -> 0 | X38: 0 | Y38: =I38+J38+K38+P38+W38+X38 -> 137500 | Z38: =IFERROR(__xludf.DUMMYFUNCTION("VLOOKUP(C38,IMPORTRANGE(""https://docs.google.com/spreadsheets/d/1ZLN5T8y7NSBIP1rvSj6TTUR_vTQbRwUKSt8zZJ_EfE4/edit?gid=461094331#gid=461094331"",""SCHEDULE_SDT_JAN26""),38,0)+VLOOKUP(C38,IMPORTRANGE(""https://docs.google.com/spreadsheets/d/1ZLN5T8y7NSBIP1"&"rvSj6TTUR_vTQbRwUKSt8zZJ_EfE4/edit?gid=461094331#gid=461094331"",""SCHEDULE_SDT_JAN26""),39,0)"),0) -> 0 | AA38: =IFERROR(__xludf.DUMMYFUNCTION("VLOOKUP(C38,IMPORTRANGE(""https://docs.google.com/spreadsheets/d/1ZLN5T8y7NSBIP1rvSj6TTUR_vTQbRwUKSt8zZJ_EfE4/edit?gid=461094331#gid=461094331"",""SCHEDULE_SDT_JAN26""),40,0)"),0) -> 0 | AB38: =IFERROR(__xludf.DUMMYFUNCTION("VLOOKUP(C38,IMPORTRANGE(""https://docs.google.com/spreadsheets/d/1ZLN5T8y7NSBIP1rvSj6TTUR_vTQbRwUKSt8zZJ_EfE4/edit?gid=461094331#gid=461094331"",""SCHEDULE_SDT_JAN26""),41,0)"),0) -> 0 | AC38: =IFERROR(__xludf.DUMMYFUNCTION("VLOOKUP(C38,IMPORTRANGE(""https://docs.google.com/spreadsheets/d/1ZLN5T8y7NSBIP1rvSj6TTUR_vTQbRwUKSt8zZJ_EfE4/edit?gid=461094331#gid=461094331"",""SCHEDULE_SDT_JAN26""),42,0)"),0) -> 0 | AD38: =IFERROR(__xludf.DUMMYFUNCTION("VLOOKUP(C38,IMPORTRANGE(""https://docs.google.com/spreadsheets/d/1ZLN5T8y7NSBIP1rvSj6TTUR_vTQbRwUKSt8zZJ_EfE4/edit?gid=461094331#gid=461094331"",""SCHEDULE_SDT_JAN26""),43,0)"),0) -> 0 | AE38: =U38*(Z38+AA38+AD38+(AC38)) -> 0 | AH38: 0 | AI38: 0 | AJ38: 0 | AK38: =AI38-AJ38 -> 0 | AL38: 0 | AM38: =AE38+AF38+AG38+AH38+AJ38+AL38 -> 0 | AN38: =Y38-AM38 -> 137500 | AO38: =BE38 -> 0 | AP38: =AN38-AO38 -> 137500 | AQ38: =AP38-X38 -> 137500 | AR38: =IF(AQ38>0,ROUND(AQ38,-2),0) -> 137500 | AT38: TK/1 | AU38: A | AV38: =I38 -> 0 | AW38: =P38 -> 137500 | AX38: =W38 -> 0 | AY38: 0 | AZ38: =IF(J38=0,0,AV38*0.24%) -> 0 | BA38: =IF(J38=0,0,AV38*0.3%) -> 0 | BB38: =IF(K38=0,0,AV38*4%) -> 0 | BC38: =SUM(AV38:BB38) -> 137500 | BD38: =IF(AU38="C",VLOOKUP(BC38,TER!$J$4:$L$50,3,TRUE),IF(AU38="B",VLOOKUP(BC38,TER!$F$4:$H$50,3,TRUE),IF(AU38="A",VLOOKUP(BC38,TER!$B$4:$D$50,3,TRUE),"ERROR"))) -> 0 | BE38: =BC38*BD38 -> 0
B39: 31 | C39: 3276051001800007 | D39: AHMAD SULAEMAN | E39: BRI | F39: 065101021343507 | G39: ANGGOTA | H39: FULL - EXISTING | I39: =IF(H39="FULL - EXISTING",5729876,5729876/O39*N39) -> 5729876 | J39: 316368 | K39: 203800 | L39: 1000000 | M39: =L39/O39 -> 50000 | N39: =IFERROR(__xludf.DUMMYFUNCTION("VLOOKUP(C39,IMPORTRANGE(""https://docs.google.com/spreadsheets/d/1ZLN5T8y7NSBIP1rvSj6TTUR_vTQbRwUKSt8zZJ_EfE4/edit?gid=461094331#gid=461094331"",""SCHEDULE_SDT_JAN26""),35,0)"),20) -> 20 | O39: =IFERROR(__xludf.DUMMYFUNCTION("VLOOKUP(C39,IMPORTRANGE(""https://docs.google.com/spreadsheets/d/1ZLN5T8y7NSBIP1rvSj6TTUR_vTQbRwUKSt8zZJ_EfE4/edit?gid=461094331#gid=461094331"",""SCHEDULE_SDT_JAN26""),34,0)"),20) -> 20 | P39: =M39*N39 -> 1000000 | R39: =I39+J39+K39+L39 -> 7250044 | S39: =I39+J39+K39+L39 -> 7250044 | T39: =IF(R39-S39<0,R39-S39,0) -> 0 | U39: 250000 | V39: =IFERROR(__xludf.DUMMYFUNCTION("VLOOKUP(C39,IMPORTRANGE(""https://docs.google.com/spreadsheets/d/1ZLN5T8y7NSBIP1rvSj6TTUR_vTQbRwUKSt8zZJ_EfE4/edit?gid=461094331#gid=461094331"",""SCHEDULE_SDT_JAN26""),36,0)"),0) -> 0 | W39: =U39*V39 -> 0 | X39: 0 | Y39: =I39+J39+K39+P39+W39+X39 -> 7250044 | Z39: =IFERROR(__xludf.DUMMYFUNCTION("VLOOKUP(C39,IMPORTRANGE(""https://docs.google.com/spreadsheets/d/1ZLN5T8y7NSBIP1rvSj6TTUR_vTQbRwUKSt8zZJ_EfE4/edit?gid=461094331#gid=461094331"",""SCHEDULE_SDT_JAN26""),38,0)+VLOOKUP(C39,IMPORTRANGE(""https://docs.google.com/spreadsheets/d/1ZLN5T8y7NSBIP1"&"rvSj6TTUR_vTQbRwUKSt8zZJ_EfE4/edit?gid=461094331#gid=461094331"",""SCHEDULE_SDT_JAN26""),39,0)"),0) -> 0 | AA39: =IFERROR(__xludf.DUMMYFUNCTION("VLOOKUP(C39,IMPORTRANGE(""https://docs.google.com/spreadsheets/d/1ZLN5T8y7NSBIP1rvSj6TTUR_vTQbRwUKSt8zZJ_EfE4/edit?gid=461094331#gid=461094331"",""SCHEDULE_SDT_JAN26""),40,0)"),0) -> 0 | AB39: =IFERROR(__xludf.DUMMYFUNCTION("VLOOKUP(C39,IMPORTRANGE(""https://docs.google.com/spreadsheets/d/1ZLN5T8y7NSBIP1rvSj6TTUR_vTQbRwUKSt8zZJ_EfE4/edit?gid=461094331#gid=461094331"",""SCHEDULE_SDT_JAN26""),41,0)"),0) -> 0 | AC39: =IFERROR(__xludf.DUMMYFUNCTION("VLOOKUP(C39,IMPORTRANGE(""https://docs.google.com/spreadsheets/d/1ZLN5T8y7NSBIP1rvSj6TTUR_vTQbRwUKSt8zZJ_EfE4/edit?gid=461094331#gid=461094331"",""SCHEDULE_SDT_JAN26""),42,0)"),0) -> 0 | AD39: =IFERROR(__xludf.DUMMYFUNCTION("VLOOKUP(C39,IMPORTRANGE(""https://docs.google.com/spreadsheets/d/1ZLN5T8y7NSBIP1rvSj6TTUR_vTQbRwUKSt8zZJ_EfE4/edit?gid=461094331#gid=461094331"",""SCHEDULE_SDT_JAN26""),43,0)"),0) -> 0 | AE39: =U39*(Z39+AA39+AD39+(AC39)) -> 0 | AF39: 468468 | AG39: 253500 | AH39: 0 | AI39: 0 | AJ39: 0 | AK39: =AI39-AJ39 -> 0 | AL39: 0 | AM39: =AE39+AF39+AG39+AH39+AJ39+AL39 -> 721968 | AN39: =Y39-AM39 -> 6528076 | AO39: =BE39 -> 87375.155 | AP39: =AN39-AO39 -> 6440700.8 | AQ39: =AP39-X39 -> 6440700.8 | AR39: =IF(AQ39>0,ROUND(AQ39,-2),0) -> 6440700 | AT39: TK/0 | AU39: A | AV39: =I39 -> 5729876 | AW39: =P39 -> 1000000 | AX39: =W39 -> 0 | AY39: 0 | AZ39: =IF(J39=0,0,AV39*0.24%) -> 13751.702 | BA39: =IF(J39=0,0,AV39*0.3%) -> 17189.628 | BB39: =IF(K39=0,0,AV39*4%) -> 229195.04 | BC39: =SUM(AV39:BB39) -> 6990012.4 | BD39: =IF(AU39="C",VLOOKUP(BC39,TER!$J$4:$L$50,3,TRUE),IF(AU39="B",VLOOKUP(BC39,TER!$F$4:$H$50,3,TRUE),IF(AU39="A",VLOOKUP(BC39,TER!$B$4:$D$50,3,TRUE),"ERROR"))) -> 0.0125 | BE39: =BC39*BD39 -> 87375.155
B40: 32 | C40: 3213252304940001 | D40: RUSDI ODING | E40: BRI | F40: 065101021344503 | G40: ANGGOTA | H40: FULL - EXISTING | I40: =IF(H40="FULL - EXISTING",5729876,5729876/O40*N40) -> 5729876 | J40: 316368 | K40: 203800 | L40: 200000 | M40: =L40/O40 -> 10000 | N40: =IFERROR(__xludf.DUMMYFUNCTION("VLOOKUP(C40,IMPORTRANGE(""https://docs.google.com/spreadsheets/d/1ZLN5T8y7NSBIP1rvSj6TTUR_vTQbRwUKSt8zZJ_EfE4/edit?gid=461094331#gid=461094331"",""SCHEDULE_SDT_JAN26""),35,0)"),20) -> 20 | O40: =IFERROR(__xludf.DUMMYFUNCTION("VLOOKUP(C40,IMPORTRANGE(""https://docs.google.com/spreadsheets/d/1ZLN5T8y7NSBIP1rvSj6TTUR_vTQbRwUKSt8zZJ_EfE4/edit?gid=461094331#gid=461094331"",""SCHEDULE_SDT_JAN26""),34,0)"),20) -> 20 | P40: =M40*N40 -> 200000 | R40: =I40+J40+K40+L40 -> 6450044 | S40: =I40+J40+K40+L40 -> 6450044 | T40: =IF(R40-S40<0,R40-S40,0) -> 0 | U40: 250000 | V40: =IFERROR(__xludf.DUMMYFUNCTION("VLOOKUP(C40,IMPORTRANGE(""https://docs.google.com/spreadsheets/d/1ZLN5T8y7NSBIP1rvSj6TTUR_vTQbRwUKSt8zZJ_EfE4/edit?gid=461094331#gid=461094331"",""SCHEDULE_SDT_JAN26""),36,0)"),2) -> 2 | W40: =U40*V40 -> 500000 | X40: 0 | Y40: =I40+J40+K40+P40+W40+X40 -> 6950044 | Z40: =IFERROR(__xludf.DUMMYFUNCTION("VLOOKUP(C40,IMPORTRANGE(""https://docs.google.com/spreadsheets/d/1ZLN5T8y7NSBIP1rvSj6TTUR_vTQbRwUKSt8zZJ_EfE4/edit?gid=461094331#gid=461094331"",""SCHEDULE_SDT_JAN26""),38,0)+VLOOKUP(C40,IMPORTRANGE(""https://docs.google.com/spreadsheets/d/1ZLN5T8y7NSBIP1"&"rvSj6TTUR_vTQbRwUKSt8zZJ_EfE4/edit?gid=461094331#gid=461094331"",""SCHEDULE_SDT_JAN26""),39,0)"),0) -> 0 | AA40: =IFERROR(__xludf.DUMMYFUNCTION("VLOOKUP(C40,IMPORTRANGE(""https://docs.google.com/spreadsheets/d/1ZLN5T8y7NSBIP1rvSj6TTUR_vTQbRwUKSt8zZJ_EfE4/edit?gid=461094331#gid=461094331"",""SCHEDULE_SDT_JAN26""),40,0)"),0) -> 0 | AB40: =IFERROR(__xludf.DUMMYFUNCTION("VLOOKUP(C40,IMPORTRANGE(""https://docs.google.com/spreadsheets/d/1ZLN5T8y7NSBIP1rvSj6TTUR_vTQbRwUKSt8zZJ_EfE4/edit?gid=461094331#gid=461094331"",""SCHEDULE_SDT_JAN26""),41,0)"),0) -> 0 | AC40: =IFERROR(__xludf.DUMMYFUNCTION("VLOOKUP(C40,IMPORTRANGE(""https://docs.google.com/spreadsheets/d/1ZLN5T8y7NSBIP1rvSj6TTUR_vTQbRwUKSt8zZJ_EfE4/edit?gid=461094331#gid=461094331"",""SCHEDULE_SDT_JAN26""),42,0)"),0) -> 0 | AD40: =IFERROR(__xludf.DUMMYFUNCTION("VLOOKUP(C40,IMPORTRANGE(""https://docs.google.com/spreadsheets/d/1ZLN5T8y7NSBIP1rvSj6TTUR_vTQbRwUKSt8zZJ_EfE4/edit?gid=461094331#gid=461094331"",""SCHEDULE_SDT_JAN26""),43,0)"),0) -> 0 | AE40: =U40*(Z40+AA40+AD40+(AC40)) -> 0 | AF40: 468468 | AG40: 253500 | AH40: 0 | AI40: 0 | AJ40: 0 | AK40: =AI40-AJ40 -> 0 | AL40: 0 | AM40: =AE40+AF40+AG40+AH40+AJ40+AL40 -> 721968 | AN40: =Y40-AM40 -> 6228076 | AO40: =BE40 -> 33450.062 | AP40: =AN40-AO40 -> 6194625.9 | AQ40: =AP40-X40 -> 6194625.9 | AR40: =IF(AQ40>0,ROUND(AQ40,-2),0) -> 6194600 | AT40: K/2 | AU40: B | AV40: =I40 -> 5729876 | AW40: =P40 -> 200000 | AX40: =W40 -> 500000 | AY40: 0 | AZ40: =IF(J40=0,0,AV40*0.24%) -> 13751.702 | BA40: =IF(J40=0,0,AV40*0.3%) -> 17189.628 | BB40: =IF(K40=0,0,AV40*4%) -> 229195.04 | BC40: =SUM(AV40:BB40) -> 6690012.4 | BD40: =IF(AU40="C",VLOOKUP(BC40,TER!$J$4:$L$50,3,TRUE),IF(AU40="B",VLOOKUP(BC40,TER!$F$4:$H$50,3,TRUE),IF(AU40="A",VLOOKUP(BC40,TER!$B$4:$D$50,3,TRUE),"ERROR"))) -> 0.005 | BE40: =BC40*BD40 -> 33450.062
B41: 33 | C41: 3175052405860010 | D41: TUNGGUL PURNOMO | E41: BRI | F41: 065101021345509 | G41: ANGGOTA | H41: FULL - EXISTING | I41: =IF(H41="FULL - EXISTING",5729876,5729876/O41*N41) -> 5729876 | J41: 316368 | K41: 203800 | L41: 1000000 | M41: =L41/O41 -> 47619.048 | N41: =IFERROR(__xludf.DUMMYFUNCTION("VLOOKUP(C41,IMPORTRANGE(""https://docs.google.com/spreadsheets/d/1ZLN5T8y7NSBIP1rvSj6TTUR_vTQbRwUKSt8zZJ_EfE4/edit?gid=461094331#gid=461094331"",""SCHEDULE_SDT_JAN26""),35,0)"),21) -> 21 | O41: =IFERROR(__xludf.DUMMYFUNCTION("VLOOKUP(C41,IMPORTRANGE(""https://docs.google.com/spreadsheets/d/1ZLN5T8y7NSBIP1rvSj6TTUR_vTQbRwUKSt8zZJ_EfE4/edit?gid=461094331#gid=461094331"",""SCHEDULE_SDT_JAN26""),34,0)"),21) -> 21 | P41: =M41*N41 -> 1000000 | R41: =I41+J41+K41+L41 -> 7250044 | S41: =I41+J41+K41+L41 -> 7250044 | T41: =IF(R41-S41<0,R41-S41,0) -> 0 | U41: 250000 | V41: =IFERROR(__xludf.DUMMYFUNCTION("VLOOKUP(C41,IMPORTRANGE(""https://docs.google.com/spreadsheets/d/1ZLN5T8y7NSBIP1rvSj6TTUR_vTQbRwUKSt8zZJ_EfE4/edit?gid=461094331#gid=461094331"",""SCHEDULE_SDT_JAN26""),36,0)"),1) -> 1 | W41: =U41*V41 -> 250000 | X41: 0 | Y41: =I41+J41+K41+P41+W41+X41 -> 7500044 | Z41: =IFERROR(__xludf.DUMMYFUNCTION("VLOOKUP(C41,IMPORTRANGE(""https://docs.google.com/spreadsheets/d/1ZLN5T8y7NSBIP1rvSj6TTUR_vTQbRwUKSt8zZJ_EfE4/edit?gid=461094331#gid=461094331"",""SCHEDULE_SDT_JAN26""),38,0)+VLOOKUP(C41,IMPORTRANGE(""https://docs.google.com/spreadsheets/d/1ZLN5T8y7NSBIP1"&"rvSj6TTUR_vTQbRwUKSt8zZJ_EfE4/edit?gid=461094331#gid=461094331"",""SCHEDULE_SDT_JAN26""),39,0)"),0) -> 0 | AA41: =IFERROR(__xludf.DUMMYFUNCTION("VLOOKUP(C41,IMPORTRANGE(""https://docs.google.com/spreadsheets/d/1ZLN5T8y7NSBIP1rvSj6TTUR_vTQbRwUKSt8zZJ_EfE4/edit?gid=461094331#gid=461094331"",""SCHEDULE_SDT_JAN26""),40,0)"),0) -> 0 | AB41: =IFERROR(__xludf.DUMMYFUNCTION("VLOOKUP(C41,IMPORTRANGE(""https://docs.google.com/spreadsheets/d/1ZLN5T8y7NSBIP1rvSj6TTUR_vTQbRwUKSt8zZJ_EfE4/edit?gid=461094331#gid=461094331"",""SCHEDULE_SDT_JAN26""),41,0)"),0) -> 0 | AC41: =IFERROR(__xludf.DUMMYFUNCTION("VLOOKUP(C41,IMPORTRANGE(""https://docs.google.com/spreadsheets/d/1ZLN5T8y7NSBIP1rvSj6TTUR_vTQbRwUKSt8zZJ_EfE4/edit?gid=461094331#gid=461094331"",""SCHEDULE_SDT_JAN26""),42,0)"),0) -> 0 | AD41: =IFERROR(__xludf.DUMMYFUNCTION("VLOOKUP(C41,IMPORTRANGE(""https://docs.google.com/spreadsheets/d/1ZLN5T8y7NSBIP1rvSj6TTUR_vTQbRwUKSt8zZJ_EfE4/edit?gid=461094331#gid=461094331"",""SCHEDULE_SDT_JAN26""),43,0)"),0) -> 0 | AE41: =U41*(Z41+AA41+AD41+(AC41)) -> 0 | AF41: 468468 | AG41: 253500 | AH41: 0 | AI41: 0 | AJ41: 0 | AK41: =AI41-AJ41 -> 0 | AL41: 0 | AM41: =AE41+AF41+AG41+AH41+AJ41+AL41 -> 721968 | AN41: =Y41-AM41 -> 6778076 | AO41: =BE41 -> 54300.093 | AP41: =AN41-AO41 -> 6723775.9 | AQ41: =AP41-X41 -> 6723775.9 | AR41: =IF(AQ41>0,ROUND(AQ41,-2),0) -> 6723800 | AT41: K/2 | AU41: B | AV41: =I41 -> 5729876 | AW41: =P41 -> 1000000 | AX41: =W41 -> 250000 | AY41: 0 | AZ41: =IF(J41=0,0,AV41*0.24%) -> 13751.702 | BA41: =IF(J41=0,0,AV41*0.3%) -> 17189.628 | BB41: =IF(K41=0,0,AV41*4%) -> 229195.04 | BC41: =SUM(AV41:BB41) -> 7240012.4 | BD41: =IF(AU41="C",VLOOKUP(BC41,TER!$J$4:$L$50,3,TRUE),IF(AU41="B",VLOOKUP(BC41,TER!$F$4:$H$50,3,TRUE),IF(AU41="A",VLOOKUP(BC41,TER!$B$4:$D$50,3,TRUE),"ERROR"))) -> 0.0075 | BE41: =BC41*BD41 -> 54300.093
B42: 34 | C42: 3213092101040002 | D42: ANDRI FAISAL | E42: BRI | F42: 065101021346505 | G42: ANGGOTA | H42: FULL - EXISTING | I42: =IF(H42="FULL - EXISTING",5729876,5729876/O42*N42) -> 5729876 | J42: 316368 | K42: 203800 | L42: 100000 | M42: =L42/O42 -> 5000 | N42: =IFERROR(__xludf.DUMMYFUNCTION("VLOOKUP(C42,IMPORTRANGE(""https://docs.google.com/spreadsheets/d/1ZLN5T8y7NSBIP1rvSj6TTUR_vTQbRwUKSt8zZJ_EfE4/edit?gid=461094331#gid=461094331"",""SCHEDULE_SDT_JAN26""),35,0)"),20) -> 20 | O42: =IFERROR(__xludf.DUMMYFUNCTION("VLOOKUP(C42,IMPORTRANGE(""https://docs.google.com/spreadsheets/d/1ZLN5T8y7NSBIP1rvSj6TTUR_vTQbRwUKSt8zZJ_EfE4/edit?gid=461094331#gid=461094331"",""SCHEDULE_SDT_JAN26""),34,0)"),20) -> 20 | P42: =M42*N42 -> 100000 | R42: =I42+J42+K42+L42 -> 6350044 | S42: =I42+J42+K42+L42 -> 6350044 | T42: =IF(R42-S42<0,R42-S42,0) -> 0 | U42: 250000 | V42: =IFERROR(__xludf.DUMMYFUNCTION("VLOOKUP(C42,IMPORTRANGE(""https://docs.google.com/spreadsheets/d/1ZLN5T8y7NSBIP1rvSj6TTUR_vTQbRwUKSt8zZJ_EfE4/edit?gid=461094331#gid=461094331"",""SCHEDULE_SDT_JAN26""),36,0)"),2) -> 2 | W42: =U42*V42 -> 500000 | X42: 0 | Y42: =I42+J42+K42+P42+W42+X42 -> 6850044 | Z42: =IFERROR(__xludf.DUMMYFUNCTION("VLOOKUP(C42,IMPORTRANGE(""https://docs.google.com/spreadsheets/d/1ZLN5T8y7NSBIP1rvSj6TTUR_vTQbRwUKSt8zZJ_EfE4/edit?gid=461094331#gid=461094331"",""SCHEDULE_SDT_JAN26""),38,0)+VLOOKUP(C42,IMPORTRANGE(""https://docs.google.com/spreadsheets/d/1ZLN5T8y7NSBIP1"&"rvSj6TTUR_vTQbRwUKSt8zZJ_EfE4/edit?gid=461094331#gid=461094331"",""SCHEDULE_SDT_JAN26""),39,0)"),0) -> 0 | AA42: =IFERROR(__xludf.DUMMYFUNCTION("VLOOKUP(C42,IMPORTRANGE(""https://docs.google.com/spreadsheets/d/1ZLN5T8y7NSBIP1rvSj6TTUR_vTQbRwUKSt8zZJ_EfE4/edit?gid=461094331#gid=461094331"",""SCHEDULE_SDT_JAN26""),40,0)"),0) -> 0 | AB42: =IFERROR(__xludf.DUMMYFUNCTION("VLOOKUP(C42,IMPORTRANGE(""https://docs.google.com/spreadsheets/d/1ZLN5T8y7NSBIP1rvSj6TTUR_vTQbRwUKSt8zZJ_EfE4/edit?gid=461094331#gid=461094331"",""SCHEDULE_SDT_JAN26""),41,0)"),0) -> 0 | AC42: =IFERROR(__xludf.DUMMYFUNCTION("VLOOKUP(C42,IMPORTRANGE(""https://docs.google.com/spreadsheets/d/1ZLN5T8y7NSBIP1rvSj6TTUR_vTQbRwUKSt8zZJ_EfE4/edit?gid=461094331#gid=461094331"",""SCHEDULE_SDT_JAN26""),42,0)"),0) -> 0 | AD42: =IFERROR(__xludf.DUMMYFUNCTION("VLOOKUP(C42,IMPORTRANGE(""https://docs.google.com/spreadsheets/d/1ZLN5T8y7NSBIP1rvSj6TTUR_vTQbRwUKSt8zZJ_EfE4/edit?gid=461094331#gid=461094331"",""SCHEDULE_SDT_JAN26""),43,0)"),0) -> 0 | AE42: =U42*(Z42+AA42+AD42+(AC42)) -> 0 | AF42: 468468 | AG42: 253500 | AH42: 0 | AI42: 0 | AJ42: 0 | AK42: =AI42-AJ42 -> 0 | AL42: 0 | AM42: =AE42+AF42+AG42+AH42+AJ42+AL42 -> 721968 | AN42: =Y42-AM42 -> 6128076 | AO42: =BE42 -> 65900.124 | AP42: =AN42-AO42 -> 6062175.9 | AQ42: =AP42-X42 -> 6062175.9 | AR42: =IF(AQ42>0,ROUND(AQ42,-2),0) -> 6062200 | AT42: TK/0 | AU42: A | AV42: =I42 -> 5729876 | AW42: =P42 -> 100000 | AX42: =W42 -> 500000 | AY42: 0 | AZ42: =IF(J42=0,0,AV42*0.24%) -> 13751.702 | BA42: =IF(J42=0,0,AV42*0.3%) -> 17189.628 | BB42: =IF(K42=0,0,AV42*4%) -> 229195.04 | BC42: =SUM(AV42:BB42) -> 6590012.4 | BD42: =IF(AU42="C",VLOOKUP(BC42,TER!$J$4:$L$50,3,TRUE),IF(AU42="B",VLOOKUP(BC42,TER!$F$4:$H$50,3,TRUE),IF(AU42="A",VLOOKUP(BC42,TER!$B$4:$D$50,3,TRUE),"ERROR"))) -> 0.01 | BE42: =BC42*BD42 -> 65900.124
B43: 35 | C43: 3202092708060005 | D43: FIQRI AGUSTI | E43: BRI | F43: 065101021347501 | G43: ANGGOTA | H43: FULL - EXISTING | I43: =IF(H43="FULL - EXISTING",5729876,5729876/O43*N43) -> 5729876 | J43: 316368 | K43: 0 | L43: 100000 | M43: =L43/O43 -> 5000 | N43: =IFERROR(__xludf.DUMMYFUNCTION("VLOOKUP(C43,IMPORTRANGE(""https://docs.google.com/spreadsheets/d/1ZLN5T8y7NSBIP1rvSj6TTUR_vTQbRwUKSt8zZJ_EfE4/edit?gid=461094331#gid=461094331"",""SCHEDULE_SDT_JAN26""),35,0)"),20) -> 20 | O43: =IFERROR(__xludf.DUMMYFUNCTION("VLOOKUP(C43,IMPORTRANGE(""https://docs.google.com/spreadsheets/d/1ZLN5T8y7NSBIP1rvSj6TTUR_vTQbRwUKSt8zZJ_EfE4/edit?gid=461094331#gid=461094331"",""SCHEDULE_SDT_JAN26""),34,0)"),20) -> 20 | P43: =M43*N43 -> 100000 | R43: =I43+J43+K43+L43 -> 6146244 | S43: =I43+J43+K43+L43 -> 6146244 | T43: =IF(R43-S43<0,R43-S43,0) -> 0 | U43: 250000 | V43: =IFERROR(__xludf.DUMMYFUNCTION("VLOOKUP(C43,IMPORTRANGE(""https://docs.google.com/spreadsheets/d/1ZLN5T8y7NSBIP1rvSj6TTUR_vTQbRwUKSt8zZJ_EfE4/edit?gid=461094331#gid=461094331"",""SCHEDULE_SDT_JAN26""),36,0)"),1) -> 1 | W43: =U43*V43 -> 250000 | X43: 0 | Y43: =I43+J43+K43+P43+W43+X43 -> 6396244 | Z43: =IFERROR(__xludf.DUMMYFUNCTION("VLOOKUP(C43,IMPORTRANGE(""https://docs.google.com/spreadsheets/d/1ZLN5T8y7NSBIP1rvSj6TTUR_vTQbRwUKSt8zZJ_EfE4/edit?gid=461094331#gid=461094331"",""SCHEDULE_SDT_JAN26""),38,0)+VLOOKUP(C43,IMPORTRANGE(""https://docs.google.com/spreadsheets/d/1ZLN5T8y7NSBIP1"&"rvSj6TTUR_vTQbRwUKSt8zZJ_EfE4/edit?gid=461094331#gid=461094331"",""SCHEDULE_SDT_JAN26""),39,0)"),0) -> 0 | AA43: =IFERROR(__xludf.DUMMYFUNCTION("VLOOKUP(C43,IMPORTRANGE(""https://docs.google.com/spreadsheets/d/1ZLN5T8y7NSBIP1rvSj6TTUR_vTQbRwUKSt8zZJ_EfE4/edit?gid=461094331#gid=461094331"",""SCHEDULE_SDT_JAN26""),40,0)"),0) -> 0 | AB43: =IFERROR(__xludf.DUMMYFUNCTION("VLOOKUP(C43,IMPORTRANGE(""https://docs.google.com/spreadsheets/d/1ZLN5T8y7NSBIP1rvSj6TTUR_vTQbRwUKSt8zZJ_EfE4/edit?gid=461094331#gid=461094331"",""SCHEDULE_SDT_JAN26""),41,0)"),0) -> 0 | AC43: =IFERROR(__xludf.DUMMYFUNCTION("VLOOKUP(C43,IMPORTRANGE(""https://docs.google.com/spreadsheets/d/1ZLN5T8y7NSBIP1rvSj6TTUR_vTQbRwUKSt8zZJ_EfE4/edit?gid=461094331#gid=461094331"",""SCHEDULE_SDT_JAN26""),42,0)"),0) -> 0 | AD43: =IFERROR(__xludf.DUMMYFUNCTION("VLOOKUP(C43,IMPORTRANGE(""https://docs.google.com/spreadsheets/d/1ZLN5T8y7NSBIP1rvSj6TTUR_vTQbRwUKSt8zZJ_EfE4/edit?gid=461094331#gid=461094331"",""SCHEDULE_SDT_JAN26""),43,0)"),0) -> 0 | AE43: =U43*(Z43+AA43+AD43+(AC43)) -> 0 | AF43: 468468 | AG43: 0 | AH43: 0 | AI43: 0 | AJ43: 0 | AK43: =AI43-AJ43 -> 0 | AL43: 0 | AM43: =AE43+AF43+AG43+AH43+AJ43+AL43 -> 468468 | AN43: =Y43-AM43 -> 5927776 | AO43: =BE43 -> 45831.13 | AP43: =AN43-AO43 -> 5881944.9 | AQ43: =AP43-X43 -> 5881944.9 | AR43: =IF(AQ43>0,ROUND(AQ43,-2),0) -> 5881900 | AT43: TK/0 | AU43: A | AV43: =I43 -> 5729876 | AW43: =P43 -> 100000 | AX43: =W43 -> 250000 | AY43: 0 | AZ43: =IF(J43=0,0,AV43*0.24%) -> 13751.702 | BA43: =IF(J43=0,0,AV43*0.3%) -> 17189.628 | BB43: =IF(K43=0,0,AV43*4%) -> 0 | BC43: =SUM(AV43:BB43) -> 6110817.3 | BD43: =IF(AU43="C",VLOOKUP(BC43,TER!$J$4:$L$50,3,TRUE),IF(AU43="B",VLOOKUP(BC43,TER!$F$4:$H$50,3,TRUE),IF(AU43="A",VLOOKUP(BC43,TER!$B$4:$D$50,3,TRUE),"ERROR"))) -> 0.0075 | BE43: =BC43*BD43 -> 45831.13
B44: 36 | C44: 3216072008970006 | D44: MAIN TUSLA | E44: BRI | F44: 065101021372506 | G44: ANGGOTA | H44: FULL - EXISTING | I44: =IF(H44="FULL - EXISTING",5729876,5729876/O44*N44) -> 5729876 | J44: 316368 | K44: 203800 | L44: 200000 | M44: =L44/O44 -> 9523.8095 | N44: =IFERROR(__xludf.DUMMYFUNCTION("VLOOKUP(C44,IMPORTRANGE(""https://docs.google.com/spreadsheets/d/1ZLN5T8y7NSBIP1rvSj6TTUR_vTQbRwUKSt8zZJ_EfE4/edit?gid=461094331#gid=461094331"",""SCHEDULE_SDT_JAN26""),35,0)"),17) -> 17 | O44: =IFERROR(__xludf.DUMMYFUNCTION("VLOOKUP(C44,IMPORTRANGE(""https://docs.google.com/spreadsheets/d/1ZLN5T8y7NSBIP1rvSj6TTUR_vTQbRwUKSt8zZJ_EfE4/edit?gid=461094331#gid=461094331"",""SCHEDULE_SDT_JAN26""),34,0)"),21) -> 21 | P44: =M44*N44 -> 161904.76 | R44: =I44+J44+K44+L44 -> 6450044 | S44: =I44+J44+K44+L44 -> 6450044 | T44: =IF(R44-S44<0,R44-S44,0) -> 0 | U44: 250000 | V44: =IFERROR(__xludf.DUMMYFUNCTION("VLOOKUP(C44,IMPORTRANGE(""https://docs.google.com/spreadsheets/d/1ZLN5T8y7NSBIP1rvSj6TTUR_vTQbRwUKSt8zZJ_EfE4/edit?gid=461094331#gid=461094331"",""SCHEDULE_SDT_JAN26""),36,0)"),1) -> 1 | W44: =U44*V44 -> 250000 | X44: 0 | Y44: =I44+J44+K44+P44+W44+X44 -> 6661948.8 | Z44: =IFERROR(__xludf.DUMMYFUNCTION("VLOOKUP(C44,IMPORTRANGE(""https://docs.google.com/spreadsheets/d/1ZLN5T8y7NSBIP1rvSj6TTUR_vTQbRwUKSt8zZJ_EfE4/edit?gid=461094331#gid=461094331"",""SCHEDULE_SDT_JAN26""),38,0)+VLOOKUP(C44,IMPORTRANGE(""https://docs.google.com/spreadsheets/d/1ZLN5T8y7NSBIP1"&"rvSj6TTUR_vTQbRwUKSt8zZJ_EfE4/edit?gid=461094331#gid=461094331"",""SCHEDULE_SDT_JAN26""),39,0)"),0) -> 0 | AA44: =IFERROR(__xludf.DUMMYFUNCTION("VLOOKUP(C44,IMPORTRANGE(""https://docs.google.com/spreadsheets/d/1ZLN5T8y7NSBIP1rvSj6TTUR_vTQbRwUKSt8zZJ_EfE4/edit?gid=461094331#gid=461094331"",""SCHEDULE_SDT_JAN26""),40,0)"),0) -> 0 | AB44: =IFERROR(__xludf.DUMMYFUNCTION("VLOOKUP(C44,IMPORTRANGE(""https://docs.google.com/spreadsheets/d/1ZLN5T8y7NSBIP1rvSj6TTUR_vTQbRwUKSt8zZJ_EfE4/edit?gid=461094331#gid=461094331"",""SCHEDULE_SDT_JAN26""),41,0)"),0) -> 0 | AC44: =IFERROR(__xludf.DUMMYFUNCTION("VLOOKUP(C44,IMPORTRANGE(""https://docs.google.com/spreadsheets/d/1ZLN5T8y7NSBIP1rvSj6TTUR_vTQbRwUKSt8zZJ_EfE4/edit?gid=461094331#gid=461094331"",""SCHEDULE_SDT_JAN26""),42,0)"),0) -> 0 | AD44: =IFERROR(__xludf.DUMMYFUNCTION("VLOOKUP(C44,IMPORTRANGE(""https://docs.google.com/spreadsheets/d/1ZLN5T8y7NSBIP1rvSj6TTUR_vTQbRwUKSt8zZJ_EfE4/edit?gid=461094331#gid=461094331"",""SCHEDULE_SDT_JAN26""),43,0)"),0) -> 0 | AE44: =U44*(Z44+AA44+AD44+(AC44)) -> 0 | AF44: 468468 | AG44: 253500 | AH44: 0 | AI44: 0 | AJ44: 0 | AK44: =AI44-AJ44 -> 0 | AL44: 0 | AM44: =AE44+AF44+AG44+AH44+AJ44+AL44 -> 721968 | AN44: =Y44-AM44 -> 5939980.8 | AO44: =BE44 -> 64019.171 | AP44: =AN44-AO44 -> 5875961.6 | AQ44: =AP44-X44 -> 5875961.6 | AR44: =IF(AQ44>0,ROUND(AQ44,-2),0) -> 5876000 | AT44: TK/0 | AU44: A | AV44: =I44 -> 5729876 | AW44: =P44 -> 161904.76 | AX44: =W44 -> 250000 | AY44: 0 | AZ44: =IF(J44=0,0,AV44*0.24%) -> 13751.702 | BA44: =IF(J44=0,0,AV44*0.3%) -> 17189.628 | BB44: =IF(K44=0,0,AV44*4%) -> 229195.04 | BC44: =SUM(AV44:BB44) -> 6401917.1 | BD44: =IF(AU44="C",VLOOKUP(BC44,TER!$J$4:$L$50,3,TRUE),IF(AU44="B",VLOOKUP(BC44,TER!$F$4:$H$50,3,TRUE),IF(AU44="A",VLOOKUP(BC44,TER!$B$4:$D$50,3,TRUE),"ERROR"))) -> 0.01 | BE44: =BC44*BD44 -> 64019.171
B45: 36 A | C45: 3216072008970006 A | D45: MAIN TUSLA | E45: BRI | F45: 065101021372507 | G45: SHIFT LEADER | H45: PRORATE - MASUK | L45: 2000000 | M45: =L45/O45 -> 95238.095 | N45: =IFERROR(__xludf.DUMMYFUNCTION("VLOOKUP(C45,IMPORTRANGE(""https://docs.google.com/spreadsheets/d/1ZLN5T8y7NSBIP1rvSj6TTUR_vTQbRwUKSt8zZJ_EfE4/edit?gid=461094331#gid=461094331"",""SCHEDULE_SDT_JAN26""),35,0)"),4) -> 4 | O45: 21 | P45: =M45*N45 -> 380952.38 | R45: =I45+J45+K45+L45 -> 2000000 | S45: =I45+J45+K45+L45 -> 2000000 | T45: =IF(R45-S45<0,R45-S45,0) -> 0 | U45: 250000 | V45: =IFERROR(__xludf.DUMMYFUNCTION("VLOOKUP(C45,IMPORTRANGE(""https://docs.google.com/spreadsheets/d/1ZLN5T8y7NSBIP1rvSj6TTUR_vTQbRwUKSt8zZJ_EfE4/edit?gid=461094331#gid=461094331"",""SCHEDULE_SDT_JAN26""),36,0)"),0) -> 0 | W45: =U45*V45 -> 0 | X45: 0 | Y45: =I45+J45+K45+P45+W45+X45 -> 380952.38 | Z45: =IFERROR(__xludf.DUMMYFUNCTION("VLOOKUP(C45,IMPORTRANGE(""https://docs.google.com/spreadsheets/d/1ZLN5T8y7NSBIP1rvSj6TTUR_vTQbRwUKSt8zZJ_EfE4/edit?gid=461094331#gid=461094331"",""SCHEDULE_SDT_JAN26""),38,0)+VLOOKUP(C45,IMPORTRANGE(""https://docs.google.com/spreadsheets/d/1ZLN5T8y7NSBIP1"&"rvSj6TTUR_vTQbRwUKSt8zZJ_EfE4/edit?gid=461094331#gid=461094331"",""SCHEDULE_SDT_JAN26""),39,0)"),0) -> 0 | AA45: =IFERROR(__xludf.DUMMYFUNCTION("VLOOKUP(C45,IMPORTRANGE(""https://docs.google.com/spreadsheets/d/1ZLN5T8y7NSBIP1rvSj6TTUR_vTQbRwUKSt8zZJ_EfE4/edit?gid=461094331#gid=461094331"",""SCHEDULE_SDT_JAN26""),40,0)"),0) -> 0 | AB45: =IFERROR(__xludf.DUMMYFUNCTION("VLOOKUP(C45,IMPORTRANGE(""https://docs.google.com/spreadsheets/d/1ZLN5T8y7NSBIP1rvSj6TTUR_vTQbRwUKSt8zZJ_EfE4/edit?gid=461094331#gid=461094331"",""SCHEDULE_SDT_JAN26""),41,0)"),0) -> 0 | AC45: =IFERROR(__xludf.DUMMYFUNCTION("VLOOKUP(C45,IMPORTRANGE(""https://docs.google.com/spreadsheets/d/1ZLN5T8y7NSBIP1rvSj6TTUR_vTQbRwUKSt8zZJ_EfE4/edit?gid=461094331#gid=461094331"",""SCHEDULE_SDT_JAN26""),42,0)"),0) -> 0 | AD45: =IFERROR(__xludf.DUMMYFUNCTION("VLOOKUP(C45,IMPORTRANGE(""https://docs.google.com/spreadsheets/d/1ZLN5T8y7NSBIP1rvSj6TTUR_vTQbRwUKSt8zZJ_EfE4/edit?gid=461094331#gid=461094331"",""SCHEDULE_SDT_JAN26""),43,0)"),0) -> 0 | AE45: =U45*(Z45+AA45+AD45+(AC45)) -> 0 | AH45: 0 | AI45: 0 | AJ45: 0 | AK45: =AI45-AJ45 -> 0 | AL45: 0 | AM45: =AE45+AF45+AG45+AH45+AJ45+AL45 -> 0 | AN45: =Y45-AM45 -> 380952.38 | AO45: =BE45 -> 0 | AP45: =AN45-AO45 -> 380952.38 | AQ45: =AP45-X45 -> 380952.38 | AR45: =IF(AQ45>0,ROUND(AQ45,-2),0) -> 381000 | AT45: TK/1 | AU45: A | AV45: =I45 -> 0 | AW45: =P45 -> 380952.38 | AX45: =W45 -> 0 | AY45: 0 | AZ45: =IF(J45=0,0,AV45*0.24%) -> 0 | BA45: =IF(J45=0,0,AV45*0.3%) -> 0 | BB45: =IF(K45=0,0,AV45*4%) -> 0 | BC45: =SUM(AV45:BB45) -> 380952.38 | BD45: =IF(AU45="C",VLOOKUP(BC45,TER!$J$4:$L$50,3,TRUE),IF(AU45="B",VLOOKUP(BC45,TER!$F$4:$H$50,3,TRUE),IF(AU45="A",VLOOKUP(BC45,TER!$B$4:$D$50,3,TRUE),"ERROR"))) -> 0 | BE45: =BC45*BD45 -> 0
B46: 37 | C46: 1406011803030003 | D46: MESRA ZALUKHU | E46: BRI | F46: 065101021373502 | G46: ANGGOTA | H46: FULL - EXISTING | I46: =IF(H46="FULL - EXISTING",5729876,5729876/O46*N46) -> 5729876 | J46: 316368 | K46: 203800 | L46: 200000 | M46: =L46/O46 -> 10000 | N46: =IFERROR(__xludf.DUMMYFUNCTION("VLOOKUP(C46,IMPORTRANGE(""https://docs.google.com/spreadsheets/d/1ZLN5T8y7NSBIP1rvSj6TTUR_vTQbRwUKSt8zZJ_EfE4/edit?gid=461094331#gid=461094331"",""SCHEDULE_SDT_JAN26""),35,0)"),20) -> 20 | O46: =IFERROR(__xludf.DUMMYFUNCTION("VLOOKUP(C46,IMPORTRANGE(""https://docs.google.com/spreadsheets/d/1ZLN5T8y7NSBIP1rvSj6TTUR_vTQbRwUKSt8zZJ_EfE4/edit?gid=461094331#gid=461094331"",""SCHEDULE_SDT_JAN26""),34,0)"),20) -> 20 | P46: =M46*N46 -> 200000 | R46: =I46+J46+K46+L46 -> 6450044 | S46: =I46+J46+K46+L46 -> 6450044 | T46: =IF(R46-S46<0,R46-S46,0) -> 0 | U46: 250000 | V46: =IFERROR(__xludf.DUMMYFUNCTION("VLOOKUP(C46,IMPORTRANGE(""https://docs.google.com/spreadsheets/d/1ZLN5T8y7NSBIP1rvSj6TTUR_vTQbRwUKSt8zZJ_EfE4/edit?gid=461094331#gid=461094331"",""SCHEDULE_SDT_JAN26""),36,0)"),1) -> 1 | W46: =U46*V46 -> 250000 | X46: 0 | Y46: =I46+J46+K46+P46+W46+X46 -> 6700044 | Z46: =IFERROR(__xludf.DUMMYFUNCTION("VLOOKUP(C46,IMPORTRANGE(""https://docs.google.com/spreadsheets/d/1ZLN5T8y7NSBIP1rvSj6TTUR_vTQbRwUKSt8zZJ_EfE4/edit?gid=461094331#gid=461094331"",""SCHEDULE_SDT_JAN26""),38,0)+VLOOKUP(C46,IMPORTRANGE(""https://docs.google.com/spreadsheets/d/1ZLN5T8y7NSBIP1"&"rvSj6TTUR_vTQbRwUKSt8zZJ_EfE4/edit?gid=461094331#gid=461094331"",""SCHEDULE_SDT_JAN26""),39,0)"),0) -> 0 | AA46: =IFERROR(__xludf.DUMMYFUNCTION("VLOOKUP(C46,IMPORTRANGE(""https://docs.google.com/spreadsheets/d/1ZLN5T8y7NSBIP1rvSj6TTUR_vTQbRwUKSt8zZJ_EfE4/edit?gid=461094331#gid=461094331"",""SCHEDULE_SDT_JAN26""),40,0)"),0) -> 0 | AB46: =IFERROR(__xludf.DUMMYFUNCTION("VLOOKUP(C46,IMPORTRANGE(""https://docs.google.com/spreadsheets/d/1ZLN5T8y7NSBIP1rvSj6TTUR_vTQbRwUKSt8zZJ_EfE4/edit?gid=461094331#gid=461094331"",""SCHEDULE_SDT_JAN26""),41,0)"),0) -> 0 | AC46: =IFERROR(__xludf.DUMMYFUNCTION("VLOOKUP(C46,IMPORTRANGE(""https://docs.google.com/spreadsheets/d/1ZLN5T8y7NSBIP1rvSj6TTUR_vTQbRwUKSt8zZJ_EfE4/edit?gid=461094331#gid=461094331"",""SCHEDULE_SDT_JAN26""),42,0)"),0) -> 0 | AD46: =IFERROR(__xludf.DUMMYFUNCTION("VLOOKUP(C46,IMPORTRANGE(""https://docs.google.com/spreadsheets/d/1ZLN5T8y7NSBIP1rvSj6TTUR_vTQbRwUKSt8zZJ_EfE4/edit?gid=461094331#gid=461094331"",""SCHEDULE_SDT_JAN26""),43,0)"),0) -> 0 | AE46: =U46*(Z46+AA46+AD46+(AC46)) -> 0 | AF46: 468468 | AG46: 253500 | AH46: 0 | AI46: 0 | AJ46: 0 | AK46: =AI46-AJ46 -> 0 | AL46: 0 | AM46: =AE46+AF46+AG46+AH46+AJ46+AL46 -> 721968 | AN46: =Y46-AM46 -> 5978076 | AO46: =BE46 -> 64400.124 | AP46: =AN46-AO46 -> 5913675.9 | AQ46: =AP46-X46 -> 5913675.9 | AR46: =IF(AQ46>0,ROUND(AQ46,-2),0) -> 5913700 | AT46: TK/0 | AU46: A | AV46: =I46 -> 5729876 | AW46: =P46 -> 200000 | AX46: =W46 -> 250000 | AY46: 0 | AZ46: =IF(J46=0,0,AV46*0.24%) -> 13751.702 | BA46: =IF(J46=0,0,AV46*0.3%) -> 17189.628 | BB46: =IF(K46=0,0,AV46*4%) -> 229195.04 | BC46: =SUM(AV46:BB46) -> 6440012.4 | BD46: =IF(AU46="C",VLOOKUP(BC46,TER!$J$4:$L$50,3,TRUE),IF(AU46="B",VLOOKUP(BC46,TER!$F$4:$H$50,3,TRUE),IF(AU46="A",VLOOKUP(BC46,TER!$B$4:$D$50,3,TRUE),"ERROR"))) -> 0.01 | BE46: =BC46*BD46 -> 64400.124
B47: 38 | C47: 1813113006040001 | D47: HADI FIRDAUS | E47: BRI | F47: 065101021374508 | G47: ANGGOTA | H47: FULL - EXISTING | I47: =IF(H47="FULL - EXISTING",5729876,5729876/O47*N47) -> 5729876 | J47: 0 | K47: 203800 | L47: 200000 | M47: =L47/O47 -> 9523.8095 | N47: =IFERROR(__xludf.DUMMYFUNCTION("VLOOKUP(C47,IMPORTRANGE(""https://docs.google.com/spreadsheets/d/1ZLN5T8y7NSBIP1rvSj6TTUR_vTQbRwUKSt8zZJ_EfE4/edit?gid=461094331#gid=461094331"",""SCHEDULE_SDT_JAN26""),35,0)"),20) -> 20 | O47: =IFERROR(__xludf.DUMMYFUNCTION("VLOOKUP(C47,IMPORTRANGE(""https://docs.google.com/spreadsheets/d/1ZLN5T8y7NSBIP1rvSj6TTUR_vTQbRwUKSt8zZJ_EfE4/edit?gid=461094331#gid=461094331"",""SCHEDULE_SDT_JAN26""),34,0)"),21) -> 21 | P47: =M47*N47 -> 190476.19 | R47: =I47+J47+K47+L47 -> 6133676 | S47: =I47+J47+K47+L47 -> 6133676 | T47: =IF(R47-S47<0,R47-S47,0) -> 0 | U47: 250000 | V47: =IFERROR(__xludf.DUMMYFUNCTION("VLOOKUP(C47,IMPORTRANGE(""https://docs.google.com/spreadsheets/d/1ZLN5T8y7NSBIP1rvSj6TTUR_vTQbRwUKSt8zZJ_EfE4/edit?gid=461094331#gid=461094331"",""SCHEDULE_SDT_JAN26""),36,0)"),1) -> 1 | W47: =U47*V47 -> 250000 | X47: 0 | Y47: =I47+J47+K47+P47+W47+X47 -> 6374152.2 | Z47: =IFERROR(__xludf.DUMMYFUNCTION("VLOOKUP(C47,IMPORTRANGE(""https://docs.google.com/spreadsheets/d/1ZLN5T8y7NSBIP1rvSj6TTUR_vTQbRwUKSt8zZJ_EfE4/edit?gid=461094331#gid=461094331"",""SCHEDULE_SDT_JAN26""),38,0)+VLOOKUP(C47,IMPORTRANGE(""https://docs.google.com/spreadsheets/d/1ZLN5T8y7NSBIP1"&"rvSj6TTUR_vTQbRwUKSt8zZJ_EfE4/edit?gid=461094331#gid=461094331"",""SCHEDULE_SDT_JAN26""),39,0)"),0) -> 0 | AA47: =IFERROR(__xludf.DUMMYFUNCTION("VLOOKUP(C47,IMPORTRANGE(""https://docs.google.com/spreadsheets/d/1ZLN5T8y7NSBIP1rvSj6TTUR_vTQbRwUKSt8zZJ_EfE4/edit?gid=461094331#gid=461094331"",""SCHEDULE_SDT_JAN26""),40,0)"),1) -> 1 | AB47: =IFERROR(__xludf.DUMMYFUNCTION("VLOOKUP(C47,IMPORTRANGE(""https://docs.google.com/spreadsheets/d/1ZLN5T8y7NSBIP1rvSj6TTUR_vTQbRwUKSt8zZJ_EfE4/edit?gid=461094331#gid=461094331"",""SCHEDULE_SDT_JAN26""),41,0)"),0) -> 0 | AC47: =IFERROR(__xludf.DUMMYFUNCTION("VLOOKUP(C47,IMPORTRANGE(""https://docs.google.com/spreadsheets/d/1ZLN5T8y7NSBIP1rvSj6TTUR_vTQbRwUKSt8zZJ_EfE4/edit?gid=461094331#gid=461094331"",""SCHEDULE_SDT_JAN26""),42,0)"),0) -> 0 | AD47: =IFERROR(__xludf.DUMMYFUNCTION("VLOOKUP(C47,IMPORTRANGE(""https://docs.google.com/spreadsheets/d/1ZLN5T8y7NSBIP1rvSj6TTUR_vTQbRwUKSt8zZJ_EfE4/edit?gid=461094331#gid=461094331"",""SCHEDULE_SDT_JAN26""),43,0)"),0) -> 0 | AE47: =U47*(Z47+AA47+AD47+(AC47)) -> 250000 | AF47: 0 | AG47: 253500 | AH47: 0 | AI47: 0 | AJ47: 0 | AK47: =AI47-AJ47 -> 0 | AL47: 0 | AM47: =AE47+AF47+AG47+AH47+AJ47+AL47 -> 503500 | AN47: =Y47-AM47 -> 5870652.2 | AO47: =BE47 -> 63995.472 | AP47: =AN47-AO47 -> 5806656.7 | AQ47: =AP47-X47 -> 5806656.7 | AR47: =IF(AQ47>0,ROUND(AQ47,-2),0) -> 5806700 | AT47: TK/0 | AU47: A | AV47: =I47 -> 5729876 | AW47: =P47 -> 190476.19 | AX47: =W47 -> 250000 | AY47: 0 | AZ47: =IF(J47=0,0,AV47*0.24%) -> 0 | BA47: =IF(J47=0,0,AV47*0.3%) -> 0 | BB47: =IF(K47=0,0,AV47*4%) -> 229195.04 | BC47: =SUM(AV47:BB47) -> 6399547.2 | BD47: =IF(AU47="C",VLOOKUP(BC47,TER!$J$4:$L$50,3,TRUE),IF(AU47="B",VLOOKUP(BC47,TER!$F$4:$H$50,3,TRUE),IF(AU47="A",VLOOKUP(BC47,TER!$B$4:$D$50,3,TRUE),"ERROR"))) -> 0.01 | BE47: =BC47*BD47 -> 63995.472
B48: 39 | C48: 5308042603950001 | D48: MOHAMAD ABUBAKAR | E48: BRI | F48: 065101021349503 | G48: ANGGOTA | H48: FULL - EXISTING | I48: =IF(H48="FULL - EXISTING",5729876,5729876/O48*N48) -> 5729876 | J48: 316368 | K48: 203800 | L48: 200000 | M48: =L48/O48 -> 9523.8095 | N48: =IFERROR(__xludf.DUMMYFUNCTION("VLOOKUP(C48,IMPORTRANGE(""https://docs.google.com/spreadsheets/d/1ZLN5T8y7NSBIP1rvSj6TTUR_vTQbRwUKSt8zZJ_EfE4/edit?gid=461094331#gid=461094331"",""SCHEDULE_SDT_JAN26""),35,0)"),21) -> 21 | O48: =IFERROR(__xludf.DUMMYFUNCTION("VLOOKUP(C48,IMPORTRANGE(""https://docs.google.com/spreadsheets/d/1ZLN5T8y7NSBIP1rvSj6TTUR_vTQbRwUKSt8zZJ_EfE4/edit?gid=461094331#gid=461094331"",""SCHEDULE_SDT_JAN26""),34,0)"),21) -> 21 | P48: =M48*N48 -> 200000 | R48: =I48+J48+K48+L48 -> 6450044 | S48: =I48+J48+K48+L48 -> 6450044 | T48: =IF(R48-S48<0,R48-S48,0) -> 0 | U48: 250000 | V48: =IFERROR(__xludf.DUMMYFUNCTION("VLOOKUP(C48,IMPORTRANGE(""https://docs.google.com/spreadsheets/d/1ZLN5T8y7NSBIP1rvSj6TTUR_vTQbRwUKSt8zZJ_EfE4/edit?gid=461094331#gid=461094331"",""SCHEDULE_SDT_JAN26""),36,0)"),1) -> 1 | W48: =U48*V48 -> 250000 | X48: 0 | Y48: =I48+J48+K48+P48+W48+X48 -> 6700044 | Z48: =IFERROR(__xludf.DUMMYFUNCTION("VLOOKUP(C48,IMPORTRANGE(""https://docs.google.com/spreadsheets/d/1ZLN5T8y7NSBIP1rvSj6TTUR_vTQbRwUKSt8zZJ_EfE4/edit?gid=461094331#gid=461094331"",""SCHEDULE_SDT_JAN26""),38,0)+VLOOKUP(C48,IMPORTRANGE(""https://docs.google.com/spreadsheets/d/1ZLN5T8y7NSBIP1"&"rvSj6TTUR_vTQbRwUKSt8zZJ_EfE4/edit?gid=461094331#gid=461094331"",""SCHEDULE_SDT_JAN26""),39,0)"),0) -> 0 | AA48: =IFERROR(__xludf.DUMMYFUNCTION("VLOOKUP(C48,IMPORTRANGE(""https://docs.google.com/spreadsheets/d/1ZLN5T8y7NSBIP1rvSj6TTUR_vTQbRwUKSt8zZJ_EfE4/edit?gid=461094331#gid=461094331"",""SCHEDULE_SDT_JAN26""),40,0)"),0) -> 0 | AB48: =IFERROR(__xludf.DUMMYFUNCTION("VLOOKUP(C48,IMPORTRANGE(""https://docs.google.com/spreadsheets/d/1ZLN5T8y7NSBIP1rvSj6TTUR_vTQbRwUKSt8zZJ_EfE4/edit?gid=461094331#gid=461094331"",""SCHEDULE_SDT_JAN26""),41,0)"),0) -> 0 | AC48: =IFERROR(__xludf.DUMMYFUNCTION("VLOOKUP(C48,IMPORTRANGE(""https://docs.google.com/spreadsheets/d/1ZLN5T8y7NSBIP1rvSj6TTUR_vTQbRwUKSt8zZJ_EfE4/edit?gid=461094331#gid=461094331"",""SCHEDULE_SDT_JAN26""),42,0)"),0) -> 0 | AD48: =IFERROR(__xludf.DUMMYFUNCTION("VLOOKUP(C48,IMPORTRANGE(""https://docs.google.com/spreadsheets/d/1ZLN5T8y7NSBIP1rvSj6TTUR_vTQbRwUKSt8zZJ_EfE4/edit?gid=461094331#gid=461094331"",""SCHEDULE_SDT_JAN26""),43,0)"),0) -> 0 | AE48: =U48*(Z48+AA48+AD48+(AC48)) -> 0 | AF48: 468468 | AG48: 253500 | AH48: 0 | AI48: 0 | AJ48: 0 | AK48: =AI48-AJ48 -> 0 | AL48: 0 | AM48: =AE48+AF48+AG48+AH48+AJ48+AL48 -> 721968 | AN48: =Y48-AM48 -> 5978076 | AO48: =BE48 -> 64400.124 | AP48: =AN48-AO48 -> 5913675.9 | AQ48: =AP48-X48 -> 5913675.9 | AR48: =IF(AQ48>0,ROUND(AQ48,-2),0) -> 5913700 | AT48: TK/0 | AU48: A | AV48: =I48 -> 5729876 | AW48: =P48 -> 200000 | AX48: =W48 -> 250000 | AY48: 0 | AZ48: =IF(J48=0,0,AV48*0.24%) -> 13751.702 | BA48: =IF(J48=0,0,AV48*0.3%) -> 17189.628 | BB48: =IF(K48=0,0,AV48*4%) -> 229195.04 | BC48: =SUM(AV48:BB48) -> 6440012.4 | BD48: =IF(AU48="C",VLOOKUP(BC48,TER!$J$4:$L$50,3,TRUE),IF(AU48="B",VLOOKUP(BC48,TER!$F$4:$H$50,3,TRUE),IF(AU48="A",VLOOKUP(BC48,TER!$B$4:$D$50,3,TRUE),"ERROR"))) -> 0.01 | BE48: =BC48*BD48 -> 64400.124
B49: 40 | C49: 3201210505000014 | D49: MUHAMAD RAFLI | E49: BRI | F49: 065101021350504 | G49: ANGGOTA | H49: FULL - EXISTING | I49: =IF(H49="FULL - EXISTING",5729876,5729876/O49*N49) -> 5729876 | J49: 316368 | K49: 203800 | L49: 200000 | M49: =L49/O49 -> 10000 | N49: =IFERROR(__xludf.DUMMYFUNCTION("VLOOKUP(C49,IMPORTRANGE(""https://docs.google.com/spreadsheets/d/1ZLN5T8y7NSBIP1rvSj6TTUR_vTQbRwUKSt8zZJ_EfE4/edit?gid=461094331#gid=461094331"",""SCHEDULE_SDT_JAN26""),35,0)"),20) -> 20 | O49: =IFERROR(__xludf.DUMMYFUNCTION("VLOOKUP(C49,IMPORTRANGE(""https://docs.google.com/spreadsheets/d/1ZLN5T8y7NSBIP1rvSj6TTUR_vTQbRwUKSt8zZJ_EfE4/edit?gid=461094331#gid=461094331"",""SCHEDULE_SDT_JAN26""),34,0)"),20) -> 20 | P49: =M49*N49 -> 200000 | R49: =I49+J49+K49+L49 -> 6450044 | S49: =I49+J49+K49+L49 -> 6450044 | T49: =IF(R49-S49<0,R49-S49,0) -> 0 | U49: 250000 | V49: =IFERROR(__xludf.DUMMYFUNCTION("VLOOKUP(C49,IMPORTRANGE(""https://docs.google.com/spreadsheets/d/1ZLN5T8y7NSBIP1rvSj6TTUR_vTQbRwUKSt8zZJ_EfE4/edit?gid=461094331#gid=461094331"",""SCHEDULE_SDT_JAN26""),36,0)"),1) -> 1 | W49: =U49*V49 -> 250000 | X49: 0 | Y49: =I49+J49+K49+P49+W49+X49 -> 6700044 | Z49: =IFERROR(__xludf.DUMMYFUNCTION("VLOOKUP(C49,IMPORTRANGE(""https://docs.google.com/spreadsheets/d/1ZLN5T8y7NSBIP1rvSj6TTUR_vTQbRwUKSt8zZJ_EfE4/edit?gid=461094331#gid=461094331"",""SCHEDULE_SDT_JAN26""),38,0)+VLOOKUP(C49,IMPORTRANGE(""https://docs.google.com/spreadsheets/d/1ZLN5T8y7NSBIP1"&"rvSj6TTUR_vTQbRwUKSt8zZJ_EfE4/edit?gid=461094331#gid=461094331"",""SCHEDULE_SDT_JAN26""),39,0)"),0) -> 0 | AA49: =IFERROR(__xludf.DUMMYFUNCTION("VLOOKUP(C49,IMPORTRANGE(""https://docs.google.com/spreadsheets/d/1ZLN5T8y7NSBIP1rvSj6TTUR_vTQbRwUKSt8zZJ_EfE4/edit?gid=461094331#gid=461094331"",""SCHEDULE_SDT_JAN26""),40,0)"),0) -> 0 | AB49: =IFERROR(__xludf.DUMMYFUNCTION("VLOOKUP(C49,IMPORTRANGE(""https://docs.google.com/spreadsheets/d/1ZLN5T8y7NSBIP1rvSj6TTUR_vTQbRwUKSt8zZJ_EfE4/edit?gid=461094331#gid=461094331"",""SCHEDULE_SDT_JAN26""),41,0)"),0) -> 0 | AC49: =IFERROR(__xludf.DUMMYFUNCTION("VLOOKUP(C49,IMPORTRANGE(""https://docs.google.com/spreadsheets/d/1ZLN5T8y7NSBIP1rvSj6TTUR_vTQbRwUKSt8zZJ_EfE4/edit?gid=461094331#gid=461094331"",""SCHEDULE_SDT_JAN26""),42,0)"),0) -> 0 | AD49: =IFERROR(__xludf.DUMMYFUNCTION("VLOOKUP(C49,IMPORTRANGE(""https://docs.google.com/spreadsheets/d/1ZLN5T8y7NSBIP1rvSj6TTUR_vTQbRwUKSt8zZJ_EfE4/edit?gid=461094331#gid=461094331"",""SCHEDULE_SDT_JAN26""),43,0)"),0) -> 0 | AE49: =U49*(Z49+AA49+AD49+(AC49)) -> 0 | AF49: 468468 | AG49: 253500 | AH49: 0 | AI49: 0 | AJ49: 0 | AK49: =AI49-AJ49 -> 0 | AL49: 0 | AM49: =AE49+AF49+AG49+AH49+AJ49+AL49 -> 721968 | AN49: =Y49-AM49 -> 5978076 | AO49: =BE49 -> 64400.124 | AP49: =AN49-AO49 -> 5913675.9 | AQ49: =AP49-X49 -> 5913675.9 | AR49: =IF(AQ49>0,ROUND(AQ49,-2),0) -> 5913700 | AT49: TK/0 | AU49: A | AV49: =I49 -> 5729876 | AW49: =P49 -> 200000 | AX49: =W49 -> 250000 | AY49: 0 | AZ49: =IF(J49=0,0,AV49*0.24%) -> 13751.702 | BA49: =IF(J49=0,0,AV49*0.3%) -> 17189.628 | BB49: =IF(K49=0,0,AV49*4%) -> 229195.04 | BC49: =SUM(AV49:BB49) -> 6440012.4 | BD49: =IF(AU49="C",VLOOKUP(BC49,TER!$J$4:$L$50,3,TRUE),IF(AU49="B",VLOOKUP(BC49,TER!$F$4:$H$50,3,TRUE),IF(AU49="A",VLOOKUP(BC49,TER!$B$4:$D$50,3,TRUE),"ERROR"))) -> 0.01 | BE49: =BC49*BD49 -> 64400.124
B50: 41 | C50: 3202131910970002 | D50: DANI PERMANA YUSUP | E50: BRI | F50: 065101021351500 | G50: ANGGOTA | H50: FULL - EXISTING | I50: =IF(H50="FULL - EXISTING",5729876,5729876/O50*N50) -> 5729876 | J50: 0 | K50: 203800 | L50: 100000 | M50: =L50/O50 -> 4761.9048 | N50: =IFERROR(__xludf.DUMMYFUNCTION("VLOOKUP(C50,IMPORTRANGE(""https://docs.google.com/spreadsheets/d/1ZLN5T8y7NSBIP1rvSj6TTUR_vTQbRwUKSt8zZJ_EfE4/edit?gid=461094331#gid=461094331"",""SCHEDULE_SDT_JAN26""),35,0)"),21) -> 21 | O50: =IFERROR(__xludf.DUMMYFUNCTION("VLOOKUP(C50,IMPORTRANGE(""https://docs.google.com/spreadsheets/d/1ZLN5T8y7NSBIP1rvSj6TTUR_vTQbRwUKSt8zZJ_EfE4/edit?gid=461094331#gid=461094331"",""SCHEDULE_SDT_JAN26""),34,0)"),21) -> 21 | P50: =M50*N50 -> 100000 | R50: =I50+J50+K50+L50 -> 6033676 | S50: =I50+J50+K50+L50 -> 6033676 | T50: =IF(R50-S50<0,R50-S50,0) -> 0 | U50: 250000 | V50: =IFERROR(__xludf.DUMMYFUNCTION("VLOOKUP(C50,IMPORTRANGE(""https://docs.google.com/spreadsheets/d/1ZLN5T8y7NSBIP1rvSj6TTUR_vTQbRwUKSt8zZJ_EfE4/edit?gid=461094331#gid=461094331"",""SCHEDULE_SDT_JAN26""),36,0)"),1) -> 1 | W50: =U50*V50 -> 250000 | X50: 0 | Y50: =I50+J50+K50+P50+W50+X50 -> 6283676 | Z50: =IFERROR(__xludf.DUMMYFUNCTION("VLOOKUP(C50,IMPORTRANGE(""https://docs.google.com/spreadsheets/d/1ZLN5T8y7NSBIP1rvSj6TTUR_vTQbRwUKSt8zZJ_EfE4/edit?gid=461094331#gid=461094331"",""SCHEDULE_SDT_JAN26""),38,0)+VLOOKUP(C50,IMPORTRANGE(""https://docs.google.com/spreadsheets/d/1ZLN5T8y7NSBIP1"&"rvSj6TTUR_vTQbRwUKSt8zZJ_EfE4/edit?gid=461094331#gid=461094331"",""SCHEDULE_SDT_JAN26""),39,0)"),0) -> 0 | AA50: =IFERROR(__xludf.DUMMYFUNCTION("VLOOKUP(C50,IMPORTRANGE(""https://docs.google.com/spreadsheets/d/1ZLN5T8y7NSBIP1rvSj6TTUR_vTQbRwUKSt8zZJ_EfE4/edit?gid=461094331#gid=461094331"",""SCHEDULE_SDT_JAN26""),40,0)"),0) -> 0 | AB50: =IFERROR(__xludf.DUMMYFUNCTION("VLOOKUP(C50,IMPORTRANGE(""https://docs.google.com/spreadsheets/d/1ZLN5T8y7NSBIP1rvSj6TTUR_vTQbRwUKSt8zZJ_EfE4/edit?gid=461094331#gid=461094331"",""SCHEDULE_SDT_JAN26""),41,0)"),0) -> 0 | AC50: =IFERROR(__xludf.DUMMYFUNCTION("VLOOKUP(C50,IMPORTRANGE(""https://docs.google.com/spreadsheets/d/1ZLN5T8y7NSBIP1rvSj6TTUR_vTQbRwUKSt8zZJ_EfE4/edit?gid=461094331#gid=461094331"",""SCHEDULE_SDT_JAN26""),42,0)"),0) -> 0 | AD50: =IFERROR(__xludf.DUMMYFUNCTION("VLOOKUP(C50,IMPORTRANGE(""https://docs.google.com/spreadsheets/d/1ZLN5T8y7NSBIP1rvSj6TTUR_vTQbRwUKSt8zZJ_EfE4/edit?gid=461094331#gid=461094331"",""SCHEDULE_SDT_JAN26""),43,0)"),0) -> 0 | AE50: =U50*(Z50+AA50+AD50+(AC50)) -> 0 | AF50: 0 | AG50: 253500 | AH50: 0 | AI50: 0 | AJ50: 0 | AK50: =AI50-AJ50 -> 0 | AL50: 0 | AM50: =AE50+AF50+AG50+AH50+AJ50+AL50 -> 253500 | AN50: =Y50-AM50 -> 6030176 | AO50: =BE50 -> 63090.71 | AP50: =AN50-AO50 -> 5967085.3 | AQ50: =AP50-X50 -> 5967085.3 | AR50: =IF(AQ50>0,ROUND(AQ50,-2),0) -> 5967100 | AT50: TK/0 | AU50: A | AV50: =I50 -> 5729876 | AW50: =P50 -> 100000 | AX50: =W50 -> 250000 | AY50: 0 | AZ50: =IF(J50=0,0,AV50*0.24%) -> 0 | BA50: =IF(J50=0,0,AV50*0.3%) -> 0 | BB50: =IF(K50=0,0,AV50*4%) -> 229195.04 | BC50: =SUM(AV50:BB50) -> 6309071 | BD50: =IF(AU50="C",VLOOKUP(BC50,TER!$J$4:$L$50,3,TRUE),IF(AU50="B",VLOOKUP(BC50,TER!$F$4:$H$50,3,TRUE),IF(AU50="A",VLOOKUP(BC50,TER!$B$4:$D$50,3,TRUE),"ERROR"))) -> 0.01 | BE50: =BC50*BD50 -> 63090.71
B51: 42 | C51: 3202130711970002 | D51: DIKI WAHYUDI | E51: BRI | F51: 065101021375504 | G51: ANGGOTA | H51: FULL - EXISTING | I51: =IF(H51="FULL - EXISTING",5729876,5729876/O51*N51) -> 5729876 | J51: 316368 | K51: 203800 | L51: 100000 | M51: =L51/O51 -> 5000 | N51: =IFERROR(__xludf.DUMMYFUNCTION("VLOOKUP(C51,IMPORTRANGE(""https://docs.google.com/spreadsheets/d/1ZLN5T8y7NSBIP1rvSj6TTUR_vTQbRwUKSt8zZJ_EfE4/edit?gid=461094331#gid=461094331"",""SCHEDULE_SDT_JAN26""),35,0)"),20) -> 20 | O51: =IFERROR(__xludf.DUMMYFUNCTION("VLOOKUP(C51,IMPORTRANGE(""https://docs.google.com/spreadsheets/d/1ZLN5T8y7NSBIP1rvSj6TTUR_vTQbRwUKSt8zZJ_EfE4/edit?gid=461094331#gid=461094331"",""SCHEDULE_SDT_JAN26""),34,0)"),20) -> 20 | P51: =M51*N51 -> 100000 | R51: =I51+J51+K51+L51 -> 6350044 | S51: =I51+J51+K51+L51 -> 6350044 | T51: =IF(R51-S51<0,R51-S51,0) -> 0 | U51: 250000 | V51: =IFERROR(__xludf.DUMMYFUNCTION("VLOOKUP(C51,IMPORTRANGE(""https://docs.google.com/spreadsheets/d/1ZLN5T8y7NSBIP1rvSj6TTUR_vTQbRwUKSt8zZJ_EfE4/edit?gid=461094331#gid=461094331"",""SCHEDULE_SDT_JAN26""),36,0)"),1) -> 1 | W51: =U51*V51 -> 250000 | X51: 0 | Y51: =I51+J51+K51+P51+W51+X51 -> 6600044 | Z51: =IFERROR(__xludf.DUMMYFUNCTION("VLOOKUP(C51,IMPORTRANGE(""https://docs.google.com/spreadsheets/d/1ZLN5T8y7NSBIP1rvSj6TTUR_vTQbRwUKSt8zZJ_EfE4/edit?gid=461094331#gid=461094331"",""SCHEDULE_SDT_JAN26""),38,0)+VLOOKUP(C51,IMPORTRANGE(""https://docs.google.com/spreadsheets/d/1ZLN5T8y7NSBIP1"&"rvSj6TTUR_vTQbRwUKSt8zZJ_EfE4/edit?gid=461094331#gid=461094331"",""SCHEDULE_SDT_JAN26""),39,0)"),0) -> 0 | AA51: =IFERROR(__xludf.DUMMYFUNCTION("VLOOKUP(C51,IMPORTRANGE(""https://docs.google.com/spreadsheets/d/1ZLN5T8y7NSBIP1rvSj6TTUR_vTQbRwUKSt8zZJ_EfE4/edit?gid=461094331#gid=461094331"",""SCHEDULE_SDT_JAN26""),40,0)"),0) -> 0 | AB51: =IFERROR(__xludf.DUMMYFUNCTION("VLOOKUP(C51,IMPORTRANGE(""https://docs.google.com/spreadsheets/d/1ZLN5T8y7NSBIP1rvSj6TTUR_vTQbRwUKSt8zZJ_EfE4/edit?gid=461094331#gid=461094331"",""SCHEDULE_SDT_JAN26""),41,0)"),0) -> 0 | AC51: =IFERROR(__xludf.DUMMYFUNCTION("VLOOKUP(C51,IMPORTRANGE(""https://docs.google.com/spreadsheets/d/1ZLN5T8y7NSBIP1rvSj6TTUR_vTQbRwUKSt8zZJ_EfE4/edit?gid=461094331#gid=461094331"",""SCHEDULE_SDT_JAN26""),42,0)"),0) -> 0 | AD51: =IFERROR(__xludf.DUMMYFUNCTION("VLOOKUP(C51,IMPORTRANGE(""https://docs.google.com/spreadsheets/d/1ZLN5T8y7NSBIP1rvSj6TTUR_vTQbRwUKSt8zZJ_EfE4/edit?gid=461094331#gid=461094331"",""SCHEDULE_SDT_JAN26""),43,0)"),0) -> 0 | AE51: =U51*(Z51+AA51+AD51+(AC51)) -> 0 | AF51: 468468 | AG51: 253500 | AH51: 0 | AI51: 0 | AJ51: 0 | AK51: =AI51-AJ51 -> 0 | AL51: 0 | AM51: =AE51+AF51+AG51+AH51+AJ51+AL51 -> 721968 | AN51: =Y51-AM51 -> 5878076 | AO51: =BE51 -> 15850.031 | AP51: =AN51-AO51 -> 5862226 | AQ51: =AP51-X51 -> 5862226 | AR51: =IF(AQ51>0,ROUND(AQ51,-2),0) -> 5862200 | AT51: K/1 | AU51: B | AV51: =I51 -> 5729876 | AW51: =P51 -> 100000 | AX51: =W51 -> 250000 | AY51: 0 | AZ51: =IF(J51=0,0,AV51*0.24%) -> 13751.702 | BA51: =IF(J51=0,0,AV51*0.3%) -> 17189.628 | BB51: =IF(K51=0,0,AV51*4%) -> 229195.04 | BC51: =SUM(AV51:BB51) -> 6340012.4 | BD51: =IF(AU51="C",VLOOKUP(BC51,TER!$J$4:$L$50,3,TRUE),IF(AU51="B",VLOOKUP(BC51,TER!$F$4:$H$50,3,TRUE),IF(AU51="A",VLOOKUP(BC51,TER!$B$4:$D$50,3,TRUE),"ERROR"))) -> 0.0025 | BE51: =BC51*BD51 -> 15850.031
B52: 43 | C52: 1108072512940001 | D52: ZAINAL ABIDIN | E52: BRI | F52: 065101021352506 | G52: ANGGOTA | H52: FULL - EXISTING | I52: =IF(H52="FULL - EXISTING",5729876,5729876/O52*N52) -> 5729876 | J52: 316368 | K52: 203800 | L52: 100000 | M52: =L52/O52 -> 4761.9048 | N52: =IFERROR(__xludf.DUMMYFUNCTION("VLOOKUP(C52,IMPORTRANGE(""https://docs.google.com/spreadsheets/d/1ZLN5T8y7NSBIP1rvSj6TTUR_vTQbRwUKSt8zZJ_EfE4/edit?gid=461094331#gid=461094331"",""SCHEDULE_SDT_JAN26""),35,0)"),21) -> 21 | O52: =IFERROR(__xludf.DUMMYFUNCTION("VLOOKUP(C52,IMPORTRANGE(""https://docs.google.com/spreadsheets/d/1ZLN5T8y7NSBIP1rvSj6TTUR_vTQbRwUKSt8zZJ_EfE4/edit?gid=461094331#gid=461094331"",""SCHEDULE_SDT_JAN26""),34,0)"),21) -> 21 | P52: =M52*N52 -> 100000 | R52: =I52+J52+K52+L52 -> 6350044 | S52: =I52+J52+K52+L52 -> 6350044 | T52: =IF(R52-S52<0,R52-S52,0) -> 0 | U52: 250000 | V52: =IFERROR(__xludf.DUMMYFUNCTION("VLOOKUP(C52,IMPORTRANGE(""https://docs.google.com/spreadsheets/d/1ZLN5T8y7NSBIP1rvSj6TTUR_vTQbRwUKSt8zZJ_EfE4/edit?gid=461094331#gid=461094331"",""SCHEDULE_SDT_JAN26""),36,0)"),1) -> 1 | W52: =U52*V52 -> 250000 | X52: 0 | Y52: =I52+J52+K52+P52+W52+X52 -> 6600044 | Z52: =IFERROR(__xludf.DUMMYFUNCTION("VLOOKUP(C52,IMPORTRANGE(""https://docs.google.com/spreadsheets/d/1ZLN5T8y7NSBIP1rvSj6TTUR_vTQbRwUKSt8zZJ_EfE4/edit?gid=461094331#gid=461094331"",""SCHEDULE_SDT_JAN26""),38,0)+VLOOKUP(C52,IMPORTRANGE(""https://docs.google.com/spreadsheets/d/1ZLN5T8y7NSBIP1"&"rvSj6TTUR_vTQbRwUKSt8zZJ_EfE4/edit?gid=461094331#gid=461094331"",""SCHEDULE_SDT_JAN26""),39,0)"),0) -> 0 | AA52: =IFERROR(__xludf.DUMMYFUNCTION("VLOOKUP(C52,IMPORTRANGE(""https://docs.google.com/spreadsheets/d/1ZLN5T8y7NSBIP1rvSj6TTUR_vTQbRwUKSt8zZJ_EfE4/edit?gid=461094331#gid=461094331"",""SCHEDULE_SDT_JAN26""),40,0)"),0) -> 0 | AB52: =IFERROR(__xludf.DUMMYFUNCTION("VLOOKUP(C52,IMPORTRANGE(""https://docs.google.com/spreadsheets/d/1ZLN5T8y7NSBIP1rvSj6TTUR_vTQbRwUKSt8zZJ_EfE4/edit?gid=461094331#gid=461094331"",""SCHEDULE_SDT_JAN26""),41,0)"),0) -> 0 | AC52: =IFERROR(__xludf.DUMMYFUNCTION("VLOOKUP(C52,IMPORTRANGE(""https://docs.google.com/spreadsheets/d/1ZLN5T8y7NSBIP1rvSj6TTUR_vTQbRwUKSt8zZJ_EfE4/edit?gid=461094331#gid=461094331"",""SCHEDULE_SDT_JAN26""),42,0)"),0) -> 0 | AD52: =IFERROR(__xludf.DUMMYFUNCTION("VLOOKUP(C52,IMPORTRANGE(""https://docs.google.com/spreadsheets/d/1ZLN5T8y7NSBIP1rvSj6TTUR_vTQbRwUKSt8zZJ_EfE4/edit?gid=461094331#gid=461094331"",""SCHEDULE_SDT_JAN26""),43,0)"),0) -> 0 | AE52: =U52*(Z52+AA52+AD52+(AC52)) -> 0 | AF52: 468468 | AG52: 253500 | AH52: 0 | AI52: 0 | AJ52: 0 | AK52: =AI52-AJ52 -> 0 | AL52: 0 | AM52: =AE52+AF52+AG52+AH52+AJ52+AL52 -> 721968 | AN52: =Y52-AM52 -> 5878076 | AO52: =BE52 -> 63400.124 | AP52: =AN52-AO52 -> 5814675.9 | AQ52: =AP52-X52 -> 5814675.9 | AR52: =IF(AQ52>0,ROUND(AQ52,-2),0) -> 5814700 | AT52: TK/0 | AU52: A | AV52: =I52 -> 5729876 | AW52: =P52 -> 100000 | AX52: =W52 -> 250000 | AY52: 0 | AZ52: =IF(J52=0,0,AV52*0.24%) -> 13751.702 | BA52: =IF(J52=0,0,AV52*0.3%) -> 17189.628 | BB52: =IF(K52=0,0,AV52*4%) -> 229195.04 | BC52: =SUM(AV52:BB52) -> 6340012.4 | BD52: =IF(AU52="C",VLOOKUP(BC52,TER!$J$4:$L$50,3,TRUE),IF(AU52="B",VLOOKUP(BC52,TER!$F$4:$H$50,3,TRUE),IF(AU52="A",VLOOKUP(BC52,TER!$B$4:$D$50,3,TRUE),"ERROR"))) -> 0.01 | BE52: =BC52*BD52 -> 63400.124
B53: 44 | C53: 5306100801000001 | D53: MUSTAFA GABA | E53: BRI | F53: 065101021364503 | G53: ANGGOTA | H53: FULL - EXISTING | I53: =IF(H53="FULL - EXISTING",5729876,5729876/O53*N53) -> 5729876 | J53: 316368 | K53: 203800 | L53: 100000 | M53: =L53/O53 -> 5000 | N53: =IFERROR(__xludf.DUMMYFUNCTION("VLOOKUP(C53,IMPORTRANGE(""https://docs.google.com/spreadsheets/d/1ZLN5T8y7NSBIP1rvSj6TTUR_vTQbRwUKSt8zZJ_EfE4/edit?gid=461094331#gid=461094331"",""SCHEDULE_SDT_JAN26""),35,0)"),17) -> 17 | O53: =IFERROR(__xludf.DUMMYFUNCTION("VLOOKUP(C53,IMPORTRANGE(""https://docs.google.com/spreadsheets/d/1ZLN5T8y7NSBIP1rvSj6TTUR_vTQbRwUKSt8zZJ_EfE4/edit?gid=461094331#gid=461094331"",""SCHEDULE_SDT_JAN26""),34,0)"),20) -> 20 | P53: =M53*N53 -> 85000 | R53: =I53+J53+K53+L53 -> 6350044 | S53: =I53+J53+K53+L53 -> 6350044 | T53: =IF(R53-S53<0,R53-S53,0) -> 0 | U53: 250000 | V53: =IFERROR(__xludf.DUMMYFUNCTION("VLOOKUP(C53,IMPORTRANGE(""https://docs.google.com/spreadsheets/d/1ZLN5T8y7NSBIP1rvSj6TTUR_vTQbRwUKSt8zZJ_EfE4/edit?gid=461094331#gid=461094331"",""SCHEDULE_SDT_JAN26""),36,0)"),2) -> 2 | W53: =U53*V53 -> 500000 | X53: 0 | Y53: =I53+J53+K53+P53+W53+X53 -> 6835044 | Z53: =IFERROR(__xludf.DUMMYFUNCTION("VLOOKUP(C53,IMPORTRANGE(""https://docs.google.com/spreadsheets/d/1ZLN5T8y7NSBIP1rvSj6TTUR_vTQbRwUKSt8zZJ_EfE4/edit?gid=461094331#gid=461094331"",""SCHEDULE_SDT_JAN26""),38,0)+VLOOKUP(C53,IMPORTRANGE(""https://docs.google.com/spreadsheets/d/1ZLN5T8y7NSBIP1"&"rvSj6TTUR_vTQbRwUKSt8zZJ_EfE4/edit?gid=461094331#gid=461094331"",""SCHEDULE_SDT_JAN26""),39,0)"),0) -> 0 | AA53: =IFERROR(__xludf.DUMMYFUNCTION("VLOOKUP(C53,IMPORTRANGE(""https://docs.google.com/spreadsheets/d/1ZLN5T8y7NSBIP1rvSj6TTUR_vTQbRwUKSt8zZJ_EfE4/edit?gid=461094331#gid=461094331"",""SCHEDULE_SDT_JAN26""),40,0)"),0) -> 0 | AB53: =IFERROR(__xludf.DUMMYFUNCTION("VLOOKUP(C53,IMPORTRANGE(""https://docs.google.com/spreadsheets/d/1ZLN5T8y7NSBIP1rvSj6TTUR_vTQbRwUKSt8zZJ_EfE4/edit?gid=461094331#gid=461094331"",""SCHEDULE_SDT_JAN26""),41,0)"),3) -> 3 | AC53: =IFERROR(__xludf.DUMMYFUNCTION("VLOOKUP(C53,IMPORTRANGE(""https://docs.google.com/spreadsheets/d/1ZLN5T8y7NSBIP1rvSj6TTUR_vTQbRwUKSt8zZJ_EfE4/edit?gid=461094331#gid=461094331"",""SCHEDULE_SDT_JAN26""),42,0)"),0) -> 0 | AD53: =IFERROR(__xludf.DUMMYFUNCTION("VLOOKUP(C53,IMPORTRANGE(""https://docs.google.com/spreadsheets/d/1ZLN5T8y7NSBIP1rvSj6TTUR_vTQbRwUKSt8zZJ_EfE4/edit?gid=461094331#gid=461094331"",""SCHEDULE_SDT_JAN26""),43,0)"),0) -> 0 | AE53: =U53*(Z53+AA53+AD53+(AC53)) -> 0 | AF53: 468468 | AG53: 253500 | AH53: 0 | AI53: 0 | AJ53: 0 | AK53: =AI53-AJ53 -> 0 | AL53: 0 | AM53: =AE53+AF53+AG53+AH53+AJ53+AL53 -> 721968 | AN53: =Y53-AM53 -> 6113076 | AO53: =BE53 -> 65750.124 | AP53: =AN53-AO53 -> 6047325.9 | AQ53: =AP53-X53 -> 6047325.9 | AR53: =IF(AQ53>0,ROUND(AQ53,-2),0) -> 6047300 | AT53: TK/0 | AU53: A | AV53: =I53 -> 5729876 | AW53: =P53 -> 85000 | AX53: =W53 -> 500000 | AY53: 0 | AZ53: =IF(J53=0,0,AV53*0.24%) -> 13751.702 | BA53: =IF(J53=0,0,AV53*0.3%) -> 17189.628 | BB53: =IF(K53=0,0,AV53*4%) -> 229195.04 | BC53: =SUM(AV53:BB53) -> 6575012.4 | BD53: =IF(AU53="C",VLOOKUP(BC53,TER!$J$4:$L$50,3,TRUE),IF(AU53="B",VLOOKUP(BC53,TER!$F$4:$H$50,3,TRUE),IF(AU53="A",VLOOKUP(BC53,TER!$B$4:$D$50,3,TRUE),"ERROR"))) -> 0.01 | BE53: =BC53*BD53 -> 65750.124
B54: 45 | C54: 5306101412990003 | D54: DZULFAKIR AMRULLAH | E54: MANDIRI | F54: 1660005106059 | G54: ANGGOTA | H54: FULL - EXISTING | I54: =IF(H54="FULL - EXISTING",5729876,5729876/O54*N54) -> 5729876 | J54: 316368 | K54: 203800 | L54: 100000 | M54: =L54/O54 -> 5000 | N54: =IFERROR(__xludf.DUMMYFUNCTION("VLOOKUP(C54,IMPORTRANGE(""https://docs.google.com/spreadsheets/d/1ZLN5T8y7NSBIP1rvSj6TTUR_vTQbRwUKSt8zZJ_EfE4/edit?gid=461094331#gid=461094331"",""SCHEDULE_SDT_JAN26""),35,0)"),20) -> 20 | O54: =IFERROR(__xludf.DUMMYFUNCTION("VLOOKUP(C54,IMPORTRANGE(""https://docs.google.com/spreadsheets/d/1ZLN5T8y7NSBIP1rvSj6TTUR_vTQbRwUKSt8zZJ_EfE4/edit?gid=461094331#gid=461094331"",""SCHEDULE_SDT_JAN26""),34,0)"),20) -> 20 | P54: =M54*N54 -> 100000 | R54: =I54+J54+K54+L54 -> 6350044 | S54: =I54+J54+K54+L54 -> 6350044 | T54: =IF(R54-S54<0,R54-S54,0) -> 0 | U54: 250000 | V54: =IFERROR(__xludf.DUMMYFUNCTION("VLOOKUP(C54,IMPORTRANGE(""https://docs.google.com/spreadsheets/d/1ZLN5T8y7NSBIP1rvSj6TTUR_vTQbRwUKSt8zZJ_EfE4/edit?gid=461094331#gid=461094331"",""SCHEDULE_SDT_JAN26""),36,0)"),2) -> 2 | W54: =U54*V54 -> 500000 | X54: 0 | Y54: =I54+J54+K54+P54+W54+X54 -> 6850044 | Z54: =IFERROR(__xludf.DUMMYFUNCTION("VLOOKUP(C54,IMPORTRANGE(""https://docs.google.com/spreadsheets/d/1ZLN5T8y7NSBIP1rvSj6TTUR_vTQbRwUKSt8zZJ_EfE4/edit?gid=461094331#gid=461094331"",""SCHEDULE_SDT_JAN26""),38,0)+VLOOKUP(C54,IMPORTRANGE(""https://docs.google.com/spreadsheets/d/1ZLN5T8y7NSBIP1"&"rvSj6TTUR_vTQbRwUKSt8zZJ_EfE4/edit?gid=461094331#gid=461094331"",""SCHEDULE_SDT_JAN26""),39,0)"),0) -> 0 | AA54: =IFERROR(__xludf.DUMMYFUNCTION("VLOOKUP(C54,IMPORTRANGE(""https://docs.google.com/spreadsheets/d/1ZLN5T8y7NSBIP1rvSj6TTUR_vTQbRwUKSt8zZJ_EfE4/edit?gid=461094331#gid=461094331"",""SCHEDULE_SDT_JAN26""),40,0)"),0) -> 0 | AB54: =IFERROR(__xludf.DUMMYFUNCTION("VLOOKUP(C54,IMPORTRANGE(""https://docs.google.com/spreadsheets/d/1ZLN5T8y7NSBIP1rvSj6TTUR_vTQbRwUKSt8zZJ_EfE4/edit?gid=461094331#gid=461094331"",""SCHEDULE_SDT_JAN26""),41,0)"),0) -> 0 | AC54: =IFERROR(__xludf.DUMMYFUNCTION("VLOOKUP(C54,IMPORTRANGE(""https://docs.google.com/spreadsheets/d/1ZLN5T8y7NSBIP1rvSj6TTUR_vTQbRwUKSt8zZJ_EfE4/edit?gid=461094331#gid=461094331"",""SCHEDULE_SDT_JAN26""),42,0)"),0) -> 0 | AD54: =IFERROR(__xludf.DUMMYFUNCTION("VLOOKUP(C54,IMPORTRANGE(""https://docs.google.com/spreadsheets/d/1ZLN5T8y7NSBIP1rvSj6TTUR_vTQbRwUKSt8zZJ_EfE4/edit?gid=461094331#gid=461094331"",""SCHEDULE_SDT_JAN26""),43,0)"),0) -> 0 | AE54: =U54*(Z54+AA54+AD54+(AC54)) -> 0 | AF54: 468468 | AG54: 253500 | AH54: 0 | AI54: 0 | AJ54: 0 | AK54: =AI54-AJ54 -> 0 | AL54: 0 | AM54: =AE54+AF54+AG54+AH54+AJ54+AL54 -> 721968 | AN54: =Y54-AM54 -> 6128076 | AO54: =BE54 -> 32950.062 | AP54: =AN54-AO54 -> 6095125.9 | AQ54: =AP54-X54 -> 6095125.9 | AR54: =IF(AQ54>0,ROUND(AQ54,-2),0) -> 6095100 | AT54: K/1 | AU54: B | AV54: =I54 -> 5729876 | AW54: =P54 -> 100000 | AX54: =W54 -> 500000 | AY54: 0 | AZ54: =IF(J54=0,0,AV54*0.24%) -> 13751.702 | BA54: =IF(J54=0,0,AV54*0.3%) -> 17189.628 | BB54: =IF(K54=0,0,AV54*4%) -> 229195.04 | BC54: =SUM(AV54:BB54) -> 6590012.4 | BD54: =IF(AU54="C",VLOOKUP(BC54,TER!$J$4:$L$50,3,TRUE),IF(AU54="B",VLOOKUP(BC54,TER!$F$4:$H$50,3,TRUE),IF(AU54="A",VLOOKUP(BC54,TER!$B$4:$D$50,3,TRUE),"ERROR"))) -> 0.005 | BE54: =BC54*BD54 -> 32950.062
B55: 46 | C55: 3174090307880012 | D55: AGUSTINUS GEA | E55: BRI | F55: 065101021354508 | G55: ANGGOTA | H55: FULL - EXISTING | I55: =IF(H55="FULL - EXISTING",5729876,5729876/O55*N55) -> 5729876 | J55: 316368 | K55: 203800 | L55: 200000 | M55: =L55/O55 -> 9523.8095 | N55: =IFERROR(__xludf.DUMMYFUNCTION("VLOOKUP(C55,IMPORTRANGE(""https://docs.google.com/spreadsheets/d/1ZLN5T8y7NSBIP1rvSj6TTUR_vTQbRwUKSt8zZJ_EfE4/edit?gid=461094331#gid=461094331"",""SCHEDULE_SDT_JAN26""),35,0)"),19) -> 19 | O55: =IFERROR(__xludf.DUMMYFUNCTION("VLOOKUP(C55,IMPORTRANGE(""https://docs.google.com/spreadsheets/d/1ZLN5T8y7NSBIP1rvSj6TTUR_vTQbRwUKSt8zZJ_EfE4/edit?gid=461094331#gid=461094331"",""SCHEDULE_SDT_JAN26""),34,0)"),21) -> 21 | P55: =M55*N55 -> 180952.38 | R55: =I55+J55+K55+L55 -> 6450044 | S55: =I55+J55+K55+L55 -> 6450044 | T55: =IF(R55-S55<0,R55-S55,0) -> 0 | U55: 250000 | V55: =IFERROR(__xludf.DUMMYFUNCTION("VLOOKUP(C55,IMPORTRANGE(""https://docs.google.com/spreadsheets/d/1ZLN5T8y7NSBIP1rvSj6TTUR_vTQbRwUKSt8zZJ_EfE4/edit?gid=461094331#gid=461094331"",""SCHEDULE_SDT_JAN26""),36,0)"),1) -> 1 | W55: =U55*V55 -> 250000 | X55: 0 | Y55: =I55+J55+K55+P55+W55+X55 -> 6680996.4 | Z55: =IFERROR(__xludf.DUMMYFUNCTION("VLOOKUP(C55,IMPORTRANGE(""https://docs.google.com/spreadsheets/d/1ZLN5T8y7NSBIP1rvSj6TTUR_vTQbRwUKSt8zZJ_EfE4/edit?gid=461094331#gid=461094331"",""SCHEDULE_SDT_JAN26""),38,0)+VLOOKUP(C55,IMPORTRANGE(""https://docs.google.com/spreadsheets/d/1ZLN5T8y7NSBIP1"&"rvSj6TTUR_vTQbRwUKSt8zZJ_EfE4/edit?gid=461094331#gid=461094331"",""SCHEDULE_SDT_JAN26""),39,0)"),0) -> 0 | AA55: =IFERROR(__xludf.DUMMYFUNCTION("VLOOKUP(C55,IMPORTRANGE(""https://docs.google.com/spreadsheets/d/1ZLN5T8y7NSBIP1rvSj6TTUR_vTQbRwUKSt8zZJ_EfE4/edit?gid=461094331#gid=461094331"",""SCHEDULE_SDT_JAN26""),40,0)"),0) -> 0 | AB55: =IFERROR(__xludf.DUMMYFUNCTION("VLOOKUP(C55,IMPORTRANGE(""https://docs.google.com/spreadsheets/d/1ZLN5T8y7NSBIP1rvSj6TTUR_vTQbRwUKSt8zZJ_EfE4/edit?gid=461094331#gid=461094331"",""SCHEDULE_SDT_JAN26""),41,0)"),2) -> 2 | AC55: =IFERROR(__xludf.DUMMYFUNCTION("VLOOKUP(C55,IMPORTRANGE(""https://docs.google.com/spreadsheets/d/1ZLN5T8y7NSBIP1rvSj6TTUR_vTQbRwUKSt8zZJ_EfE4/edit?gid=461094331#gid=461094331"",""SCHEDULE_SDT_JAN26""),42,0)"),0) -> 0 | AD55: =IFERROR(__xludf.DUMMYFUNCTION("VLOOKUP(C55,IMPORTRANGE(""https://docs.google.com/spreadsheets/d/1ZLN5T8y7NSBIP1rvSj6TTUR_vTQbRwUKSt8zZJ_EfE4/edit?gid=461094331#gid=461094331"",""SCHEDULE_SDT_JAN26""),43,0)"),0) -> 0 | AE55: =U55*(Z55+AA55+AD55+(AC55)) -> 0 | AF55: 468468 | AG55: 253500 | AH55: 0 | AI55: 0 | AJ55: 0 | AK55: =AI55-AJ55 -> 0 | AL55: 0 | AM55: =AE55+AF55+AG55+AH55+AJ55+AL55 -> 721968 | AN55: =Y55-AM55 -> 5959028.4 | AO55: =BE55 -> 64209.648 | AP55: =AN55-AO55 -> 5894818.7 | AQ55: =AP55-X55 -> 5894818.7 | AR55: =IF(AQ55>0,ROUND(AQ55,-2),0) -> 5894800 | AT55: TK/0 | AU55: A | AV55: =I55 -> 5729876 | AW55: =P55 -> 180952.38 | AX55: =W55 -> 250000 | AY55: 0 | AZ55: =IF(J55=0,0,AV55*0.24%) -> 13751.702 | BA55: =IF(J55=0,0,AV55*0.3%) -> 17189.628 | BB55: =IF(K55=0,0,AV55*4%) -> 229195.04 | BC55: =SUM(AV55:BB55) -> 6420964.8 | BD55: =IF(AU55="C",VLOOKUP(BC55,TER!$J$4:$L$50,3,TRUE),IF(AU55="B",VLOOKUP(BC55,TER!$F$4:$H$50,3,TRUE),IF(AU55="A",VLOOKUP(BC55,TER!$B$4:$D$50,3,TRUE),"ERROR"))) -> 0.01 | BE55: =BC55*BD55 -> 64209.648
B56: 47 | C56: 5316010810010001 | D56: SIMEON LEU | E56: BRI | F56: 065101021365509 | G56: ANGGOTA | H56: FULL - EXISTING | I56: =IF(H56="FULL - EXISTING",5729876,5729876/O56*N56) -> 5729876 | J56: 316368 | K56: 203800 | L56: 200000 | M56: =L56/O56 -> 10000 | N56: =IFERROR(__xludf.DUMMYFUNCTION("VLOOKUP(C56,IMPORTRANGE(""https://docs.google.com/spreadsheets/d/1ZLN5T8y7NSBIP1rvSj6TTUR_vTQbRwUKSt8zZJ_EfE4/edit?gid=461094331#gid=461094331"",""SCHEDULE_SDT_JAN26""),35,0)"),20) -> 20 | O56: =IFERROR(__xludf.DUMMYFUNCTION("VLOOKUP(C56,IMPORTRANGE(""https://docs.google.com/spreadsheets/d/1ZLN5T8y7NSBIP1rvSj6TTUR_vTQbRwUKSt8zZJ_EfE4/edit?gid=461094331#gid=461094331"",""SCHEDULE_SDT_JAN26""),34,0)"),20) -> 20 | P56: =M56*N56 -> 200000 | R56: =I56+J56+K56+L56 -> 6450044 | S56: =I56+J56+K56+L56 -> 6450044 | T56: =IF(R56-S56<0,R56-S56,0) -> 0 | U56: 250000 | V56: =IFERROR(__xludf.DUMMYFUNCTION("VLOOKUP(C56,IMPORTRANGE(""https://docs.google.com/spreadsheets/d/1ZLN5T8y7NSBIP1rvSj6TTUR_vTQbRwUKSt8zZJ_EfE4/edit?gid=461094331#gid=461094331"",""SCHEDULE_SDT_JAN26""),36,0)"),2) -> 2 | W56: =U56*V56 -> 500000 | X56: 0 | Y56: =I56+J56+K56+P56+W56+X56 -> 6950044 | Z56: =IFERROR(__xludf.DUMMYFUNCTION("VLOOKUP(C56,IMPORTRANGE(""https://docs.google.com/spreadsheets/d/1ZLN5T8y7NSBIP1rvSj6TTUR_vTQbRwUKSt8zZJ_EfE4/edit?gid=461094331#gid=461094331"",""SCHEDULE_SDT_JAN26""),38,0)+VLOOKUP(C56,IMPORTRANGE(""https://docs.google.com/spreadsheets/d/1ZLN5T8y7NSBIP1"&"rvSj6TTUR_vTQbRwUKSt8zZJ_EfE4/edit?gid=461094331#gid=461094331"",""SCHEDULE_SDT_JAN26""),39,0)"),0) -> 0 | AA56: =IFERROR(__xludf.DUMMYFUNCTION("VLOOKUP(C56,IMPORTRANGE(""https://docs.google.com/spreadsheets/d/1ZLN5T8y7NSBIP1rvSj6TTUR_vTQbRwUKSt8zZJ_EfE4/edit?gid=461094331#gid=461094331"",""SCHEDULE_SDT_JAN26""),40,0)"),0) -> 0 | AB56: =IFERROR(__xludf.DUMMYFUNCTION("VLOOKUP(C56,IMPORTRANGE(""https://docs.google.com/spreadsheets/d/1ZLN5T8y7NSBIP1rvSj6TTUR_vTQbRwUKSt8zZJ_EfE4/edit?gid=461094331#gid=461094331"",""SCHEDULE_SDT_JAN26""),41,0)"),0) -> 0 | AC56: =IFERROR(__xludf.DUMMYFUNCTION("VLOOKUP(C56,IMPORTRANGE(""https://docs.google.com/spreadsheets/d/1ZLN5T8y7NSBIP1rvSj6TTUR_vTQbRwUKSt8zZJ_EfE4/edit?gid=461094331#gid=461094331"",""SCHEDULE_SDT_JAN26""),42,0)"),0) -> 0 | AD56: =IFERROR(__xludf.DUMMYFUNCTION("VLOOKUP(C56,IMPORTRANGE(""https://docs.google.com/spreadsheets/d/1ZLN5T8y7NSBIP1rvSj6TTUR_vTQbRwUKSt8zZJ_EfE4/edit?gid=461094331#gid=461094331"",""SCHEDULE_SDT_JAN26""),43,0)"),0) -> 0 | AE56: =U56*(Z56+AA56+AD56+(AC56)) -> 0 | AF56: 468468 | AG56: 253500 | AH56: 0 | AI56: 0 | AJ56: 0 | AK56: =AI56-AJ56 -> 0 | AL56: 0 | AM56: =AE56+AF56+AG56+AH56+AJ56+AL56 -> 721968 | AN56: =Y56-AM56 -> 6228076 | AO56: =BE56 -> 66900.124 | AP56: =AN56-AO56 -> 6161175.9 | AQ56: =AP56-X56 -> 6161175.9 | AR56: =IF(AQ56>0,ROUND(AQ56,-2),0) -> 6161200 | AT56: TK/0 | AU56: A | AV56: =I56 -> 5729876 | AW56: =P56 -> 200000 | AX56: =W56 -> 500000 | AY56: 0 | AZ56: =IF(J56=0,0,AV56*0.24%) -> 13751.702 | BA56: =IF(J56=0,0,AV56*0.3%) -> 17189.628 | BB56: =IF(K56=0,0,AV56*4%) -> 229195.04 | BC56: =SUM(AV56:BB56) -> 6690012.4 | BD56: =IF(AU56="C",VLOOKUP(BC56,TER!$J$4:$L$50,3,TRUE),IF(AU56="B",VLOOKUP(BC56,TER!$F$4:$H$50,3,TRUE),IF(AU56="A",VLOOKUP(BC56,TER!$B$4:$D$50,3,TRUE),"ERROR"))) -> 0.01 | BE56: =BC56*BD56 -> 66900.124
B57: 48 | C57: 1271020712950002 | D57: DAVID HAMONONGAN | E57: BRI | F57: 065101021376500 | G57: ANGGOTA | H57: FULL - EXISTING | I57: =IF(H57="FULL - EXISTING",5729876,5729876/O57*N57) -> 5729876 | J57: 316368 | K57: 203800 | L57: 200000 | M57: =L57/O57 -> 10000 | N57: =IFERROR(__xludf.DUMMYFUNCTION("VLOOKUP(C57,IMPORTRANGE(""https://docs.google.com/spreadsheets/d/1ZLN5T8y7NSBIP1rvSj6TTUR_vTQbRwUKSt8zZJ_EfE4/edit?gid=461094331#gid=461094331"",""SCHEDULE_SDT_JAN26""),35,0)"),20) -> 20 | O57: =IFERROR(__xludf.DUMMYFUNCTION("VLOOKUP(C57,IMPORTRANGE(""https://docs.google.com/spreadsheets/d/1ZLN5T8y7NSBIP1rvSj6TTUR_vTQbRwUKSt8zZJ_EfE4/edit?gid=461094331#gid=461094331"",""SCHEDULE_SDT_JAN26""),34,0)"),20) -> 20 | P57: =M57*N57 -> 200000 | R57: =I57+J57+K57+L57 -> 6450044 | S57: =I57+J57+K57+L57 -> 6450044 | T57: =IF(R57-S57<0,R57-S57,0) -> 0 | U57: 250000 | V57: =IFERROR(__xludf.DUMMYFUNCTION("VLOOKUP(C57,IMPORTRANGE(""https://docs.google.com/spreadsheets/d/1ZLN5T8y7NSBIP1rvSj6TTUR_vTQbRwUKSt8zZJ_EfE4/edit?gid=461094331#gid=461094331"",""SCHEDULE_SDT_JAN26""),36,0)"),2) -> 2 | W57: =U57*V57 -> 500000 | X57: 0 | Y57: =I57+J57+K57+P57+W57+X57 -> 6950044 | Z57: =IFERROR(__xludf.DUMMYFUNCTION("VLOOKUP(C57,IMPORTRANGE(""https://docs.google.com/spreadsheets/d/1ZLN5T8y7NSBIP1rvSj6TTUR_vTQbRwUKSt8zZJ_EfE4/edit?gid=461094331#gid=461094331"",""SCHEDULE_SDT_JAN26""),38,0)+VLOOKUP(C57,IMPORTRANGE(""https://docs.google.com/spreadsheets/d/1ZLN5T8y7NSBIP1"&"rvSj6TTUR_vTQbRwUKSt8zZJ_EfE4/edit?gid=461094331#gid=461094331"",""SCHEDULE_SDT_JAN26""),39,0)"),0) -> 0 | AA57: =IFERROR(__xludf.DUMMYFUNCTION("VLOOKUP(C57,IMPORTRANGE(""https://docs.google.com/spreadsheets/d/1ZLN5T8y7NSBIP1rvSj6TTUR_vTQbRwUKSt8zZJ_EfE4/edit?gid=461094331#gid=461094331"",""SCHEDULE_SDT_JAN26""),40,0)"),0) -> 0 | AB57: =IFERROR(__xludf.DUMMYFUNCTION("VLOOKUP(C57,IMPORTRANGE(""https://docs.google.com/spreadsheets/d/1ZLN5T8y7NSBIP1rvSj6TTUR_vTQbRwUKSt8zZJ_EfE4/edit?gid=461094331#gid=461094331"",""SCHEDULE_SDT_JAN26""),41,0)"),0) -> 0 | AC57: =IFERROR(__xludf.DUMMYFUNCTION("VLOOKUP(C57,IMPORTRANGE(""https://docs.google.com/spreadsheets/d/1ZLN5T8y7NSBIP1rvSj6TTUR_vTQbRwUKSt8zZJ_EfE4/edit?gid=461094331#gid=461094331"",""SCHEDULE_SDT_JAN26""),42,0)"),0) -> 0 | AD57: =IFERROR(__xludf.DUMMYFUNCTION("VLOOKUP(C57,IMPORTRANGE(""https://docs.google.com/spreadsheets/d/1ZLN5T8y7NSBIP1rvSj6TTUR_vTQbRwUKSt8zZJ_EfE4/edit?gid=461094331#gid=461094331"",""SCHEDULE_SDT_JAN26""),43,0)"),0) -> 0 | AE57: =U57*(Z57+AA57+AD57+(AC57)) -> 0 | AF57: 468468 | AG57: 253500 | AH57: 0 | AI57: 0 | AJ57: 0 | AK57: =AI57-AJ57 -> 0 | AL57: 0 | AM57: =AE57+AF57+AG57+AH57+AJ57+AL57 -> 721968 | AN57: =Y57-AM57 -> 6228076 | AO57: =BE57 -> 66900.124 | AP57: =AN57-AO57 -> 6161175.9 | AQ57: =AP57-X57 -> 6161175.9 | AR57: =IF(AQ57>0,ROUND(AQ57,-2),0) -> 6161200 | AT57: TK/0 | AU57: A | AV57: =I57 -> 5729876 | AW57: =P57 -> 200000 | AX57: =W57 -> 500000 | AY57: 0 | AZ57: =IF(J57=0,0,AV57*0.24%) -> 13751.702 | BA57: =IF(J57=0,0,AV57*0.3%) -> 17189.628 | BB57: =IF(K57=0,0,AV57*4%) -> 229195.04 | BC57: =SUM(AV57:BB57) -> 6690012.4 | BD57: =IF(AU57="C",VLOOKUP(BC57,TER!$J$4:$L$50,3,TRUE),IF(AU57="B",VLOOKUP(BC57,TER!$F$4:$H$50,3,TRUE),IF(AU57="A",VLOOKUP(BC57,TER!$B$4:$D$50,3,TRUE),"ERROR"))) -> 0.01 | BE57: =BC57*BD57 -> 66900.124
B58: 49 | C58: 3604152506760003 | D58: AMAMIH YAMIS | E58: BRI | F58: 065101021355504 | G58: ANGGOTA | H58: FULL - EXISTING | I58: =IF(H58="FULL - EXISTING",5729876,5729876/O58*N58) -> 5729876 | J58: 316368 | K58: 203800 | L58: 200000 | M58: =L58/O58 -> 9523.8095 | N58: =IFERROR(__xludf.DUMMYFUNCTION("VLOOKUP(C58,IMPORTRANGE(""https://docs.google.com/spreadsheets/d/1ZLN5T8y7NSBIP1rvSj6TTUR_vTQbRwUKSt8zZJ_EfE4/edit?gid=461094331#gid=461094331"",""SCHEDULE_SDT_JAN26""),35,0)"),20) -> 20 | O58: =IFERROR(__xludf.DUMMYFUNCTION("VLOOKUP(C58,IMPORTRANGE(""https://docs.google.com/spreadsheets/d/1ZLN5T8y7NSBIP1rvSj6TTUR_vTQbRwUKSt8zZJ_EfE4/edit?gid=461094331#gid=461094331"",""SCHEDULE_SDT_JAN26""),34,0)"),21) -> 21 | P58: =M58*N58 -> 190476.19 | R58: =I58+J58+K58+L58 -> 6450044 | S58: =I58+J58+K58+L58 -> 6450044 | T58: =IF(R58-S58<0,R58-S58,0) -> 0 | U58: 250000 | V58: =IFERROR(__xludf.DUMMYFUNCTION("VLOOKUP(C58,IMPORTRANGE(""https://docs.google.com/spreadsheets/d/1ZLN5T8y7NSBIP1rvSj6TTUR_vTQbRwUKSt8zZJ_EfE4/edit?gid=461094331#gid=461094331"",""SCHEDULE_SDT_JAN26""),36,0)"),1) -> 1 | W58: =U58*V58 -> 250000 | X58: 0 | Y58: =I58+J58+K58+P58+W58+X58 -> 6690520.2 | Z58: =IFERROR(__xludf.DUMMYFUNCTION("VLOOKUP(C58,IMPORTRANGE(""https://docs.google.com/spreadsheets/d/1ZLN5T8y7NSBIP1rvSj6TTUR_vTQbRwUKSt8zZJ_EfE4/edit?gid=461094331#gid=461094331"",""SCHEDULE_SDT_JAN26""),38,0)+VLOOKUP(C58,IMPORTRANGE(""https://docs.google.com/spreadsheets/d/1ZLN5T8y7NSBIP1"&"rvSj6TTUR_vTQbRwUKSt8zZJ_EfE4/edit?gid=461094331#gid=461094331"",""SCHEDULE_SDT_JAN26""),39,0)"),1) -> 1 | AA58: =IFERROR(__xludf.DUMMYFUNCTION("VLOOKUP(C58,IMPORTRANGE(""https://docs.google.com/spreadsheets/d/1ZLN5T8y7NSBIP1rvSj6TTUR_vTQbRwUKSt8zZJ_EfE4/edit?gid=461094331#gid=461094331"",""SCHEDULE_SDT_JAN26""),40,0)"),0) -> 0 | AB58: =IFERROR(__xludf.DUMMYFUNCTION("VLOOKUP(C58,IMPORTRANGE(""https://docs.google.com/spreadsheets/d/1ZLN5T8y7NSBIP1rvSj6TTUR_vTQbRwUKSt8zZJ_EfE4/edit?gid=461094331#gid=461094331"",""SCHEDULE_SDT_JAN26""),41,0)"),0) -> 0 | AC58: =IFERROR(__xludf.DUMMYFUNCTION("VLOOKUP(C58,IMPORTRANGE(""https://docs.google.com/spreadsheets/d/1ZLN5T8y7NSBIP1rvSj6TTUR_vTQbRwUKSt8zZJ_EfE4/edit?gid=461094331#gid=461094331"",""SCHEDULE_SDT_JAN26""),42,0)"),0) -> 0 | AD58: =IFERROR(__xludf.DUMMYFUNCTION("VLOOKUP(C58,IMPORTRANGE(""https://docs.google.com/spreadsheets/d/1ZLN5T8y7NSBIP1rvSj6TTUR_vTQbRwUKSt8zZJ_EfE4/edit?gid=461094331#gid=461094331"",""SCHEDULE_SDT_JAN26""),43,0)"),0) -> 0 | AE58: =U58*(Z58+AA58+AD58+(AC58)) -> 250000 | AF58: 468468 | AG58: 253500 | AH58: 0 | AI58: 0 | AJ58: 0 | AK58: =AI58-AJ58 -> 0 | AL58: 0 | AM58: =AE58+AF58+AG58+AH58+AJ58+AL58 -> 971968 | AN58: =Y58-AM58 -> 5718552.2 | AO58: =BE58 -> 64304.886 | AP58: =AN58-AO58 -> 5654247.3 | AQ58: =AP58-X58 -> 5654247.3 | AR58: =IF(AQ58>0,ROUND(AQ58,-2),0) -> 5654200 | AT58: TK/0 | AU58: A | AV58: =I58 -> 5729876 | AW58: =P58 -> 190476.19 | AX58: =W58 -> 250000 | AY58: 0 | AZ58: =IF(J58=0,0,AV58*0.24%) -> 13751.702 | BA58: =IF(J58=0,0,AV58*0.3%) -> 17189.628 | BB58: =IF(K58=0,0,AV58*4%) -> 229195.04 | BC58: =SUM(AV58:BB58) -> 6430488.6 | BD58: =IF(AU58="C",VLOOKUP(BC58,TER!$J$4:$L$50,3,TRUE),IF(AU58="B",VLOOKUP(BC58,TER!$F$4:$H$50,3,TRUE),IF(AU58="A",VLOOKUP(BC58,TER!$B$4:$D$50,3,TRUE),"ERROR"))) -> 0.01 | BE58: =BC58*BD58 -> 64304.886
B59: 50 | C59: 5316010604000001 | D59: PRUDENSIUS RESI | E59: BRI | F59: 065101021356500 | G59: ANGGOTA | H59: FULL - EXISTING | I59: =IF(H59="FULL - EXISTING",5729876,5729876/O59*N59) -> 5729876 | J59: 316368 | K59: 203800 | L59: 200000 | M59: =L59/O59 -> 9523.8095 | N59: =IFERROR(__xludf.DUMMYFUNCTION("VLOOKUP(C59,IMPORTRANGE(""https://docs.google.com/spreadsheets/d/1ZLN5T8y7NSBIP1rvSj6TTUR_vTQbRwUKSt8zZJ_EfE4/edit?gid=461094331#gid=461094331"",""SCHEDULE_SDT_JAN26""),35,0)"),21) -> 21 | O59: =IFERROR(__xludf.DUMMYFUNCTION("VLOOKUP(C59,IMPORTRANGE(""https://docs.google.com/spreadsheets/d/1ZLN5T8y7NSBIP1rvSj6TTUR_vTQbRwUKSt8zZJ_EfE4/edit?gid=461094331#gid=461094331"",""SCHEDULE_SDT_JAN26""),34,0)"),21) -> 21 | P59: =M59*N59 -> 200000 | R59: =I59+J59+K59+L59 -> 6450044 | S59: =I59+J59+K59+L59 -> 6450044 | T59: =IF(R59-S59<0,R59-S59,0) -> 0 | U59: 250000 | V59: =IFERROR(__xludf.DUMMYFUNCTION("VLOOKUP(C59,IMPORTRANGE(""https://docs.google.com/spreadsheets/d/1ZLN5T8y7NSBIP1rvSj6TTUR_vTQbRwUKSt8zZJ_EfE4/edit?gid=461094331#gid=461094331"",""SCHEDULE_SDT_JAN26""),36,0)"),1) -> 1 | W59: =U59*V59 -> 250000 | X59: 0 | Y59: =I59+J59+K59+P59+W59+X59 -> 6700044 | Z59: =IFERROR(__xludf.DUMMYFUNCTION("VLOOKUP(C59,IMPORTRANGE(""https://docs.google.com/spreadsheets/d/1ZLN5T8y7NSBIP1rvSj6TTUR_vTQbRwUKSt8zZJ_EfE4/edit?gid=461094331#gid=461094331"",""SCHEDULE_SDT_JAN26""),38,0)+VLOOKUP(C59,IMPORTRANGE(""https://docs.google.com/spreadsheets/d/1ZLN5T8y7NSBIP1"&"rvSj6TTUR_vTQbRwUKSt8zZJ_EfE4/edit?gid=461094331#gid=461094331"",""SCHEDULE_SDT_JAN26""),39,0)"),0) -> 0 | AA59: =IFERROR(__xludf.DUMMYFUNCTION("VLOOKUP(C59,IMPORTRANGE(""https://docs.google.com/spreadsheets/d/1ZLN5T8y7NSBIP1rvSj6TTUR_vTQbRwUKSt8zZJ_EfE4/edit?gid=461094331#gid=461094331"",""SCHEDULE_SDT_JAN26""),40,0)"),0) -> 0 | AB59: =IFERROR(__xludf.DUMMYFUNCTION("VLOOKUP(C59,IMPORTRANGE(""https://docs.google.com/spreadsheets/d/1ZLN5T8y7NSBIP1rvSj6TTUR_vTQbRwUKSt8zZJ_EfE4/edit?gid=461094331#gid=461094331"",""SCHEDULE_SDT_JAN26""),41,0)"),0) -> 0 | AC59: =IFERROR(__xludf.DUMMYFUNCTION("VLOOKUP(C59,IMPORTRANGE(""https://docs.google.com/spreadsheets/d/1ZLN5T8y7NSBIP1rvSj6TTUR_vTQbRwUKSt8zZJ_EfE4/edit?gid=461094331#gid=461094331"",""SCHEDULE_SDT_JAN26""),42,0)"),0) -> 0 | AD59: =IFERROR(__xludf.DUMMYFUNCTION("VLOOKUP(C59,IMPORTRANGE(""https://docs.google.com/spreadsheets/d/1ZLN5T8y7NSBIP1rvSj6TTUR_vTQbRwUKSt8zZJ_EfE4/edit?gid=461094331#gid=461094331"",""SCHEDULE_SDT_JAN26""),43,0)"),0) -> 0 | AE59: =U59*(Z59+AA59+AD59+(AC59)) -> 0 | AF59: 468468 | AG59: 253500 | AH59: 0 | AI59: 0 | AJ59: 0 | AK59: =AI59-AJ59 -> 0 | AL59: 0 | AM59: =AE59+AF59+AG59+AH59+AJ59+AL59 -> 721968 | AN59: =Y59-AM59 -> 5978076 | AO59: =BE59 -> 64400.124 | AP59: =AN59-AO59 -> 5913675.9 | AQ59: =AP59-X59 -> 5913675.9 | AR59: =IF(AQ59>0,ROUND(AQ59,-2),0) -> 5913700 | AT59: TK/0 | AU59: A | AV59: =I59 -> 5729876 | AW59: =P59 -> 200000 | AX59: =W59 -> 250000 | AY59: 0 | AZ59: =IF(J59=0,0,AV59*0.24%) -> 13751.702 | BA59: =IF(J59=0,0,AV59*0.3%) -> 17189.628 | BB59: =IF(K59=0,0,AV59*4%) -> 229195.04 | BC59: =SUM(AV59:BB59) -> 6440012.4 | BD59: =IF(AU59="C",VLOOKUP(BC59,TER!$J$4:$L$50,3,TRUE),IF(AU59="B",VLOOKUP(BC59,TER!$F$4:$H$50,3,TRUE),IF(AU59="A",VLOOKUP(BC59,TER!$B$4:$D$50,3,TRUE),"ERROR"))) -> 0.01 | BE59: =BC59*BD59 -> 64400.124
B60: 51 | C60: 3172030404990002 | D60: SYARIP MULYONO | E60: BRI | F60: 065101021357506 | G60: ANGGOTA | H60: FULL - EXISTING | I60: =IF(H60="FULL - EXISTING",5729876,5729876/O60*N60) -> 5729876 | J60: 316368 | K60: 203800 | L60: 200000 | M60: =L60/O60 -> 9523.8095 | N60: =IFERROR(__xludf.DUMMYFUNCTION("VLOOKUP(C60,IMPORTRANGE(""https://docs.google.com/spreadsheets/d/1ZLN5T8y7NSBIP1rvSj6TTUR_vTQbRwUKSt8zZJ_EfE4/edit?gid=461094331#gid=461094331"",""SCHEDULE_SDT_JAN26""),35,0)"),21) -> 21 | O60: =IFERROR(__xludf.DUMMYFUNCTION("VLOOKUP(C60,IMPORTRANGE(""https://docs.google.com/spreadsheets/d/1ZLN5T8y7NSBIP1rvSj6TTUR_vTQbRwUKSt8zZJ_EfE4/edit?gid=461094331#gid=461094331"",""SCHEDULE_SDT_JAN26""),34,0)"),21) -> 21 | P60: =M60*N60 -> 200000 | R60: =I60+J60+K60+L60 -> 6450044 | S60: =I60+J60+K60+L60 -> 6450044 | T60: =IF(R60-S60<0,R60-S60,0) -> 0 | U60: 250000 | V60: =IFERROR(__xludf.DUMMYFUNCTION("VLOOKUP(C60,IMPORTRANGE(""https://docs.google.com/spreadsheets/d/1ZLN5T8y7NSBIP1rvSj6TTUR_vTQbRwUKSt8zZJ_EfE4/edit?gid=461094331#gid=461094331"",""SCHEDULE_SDT_JAN26""),36,0)"),2) -> 2 | W60: =U60*V60 -> 500000 | X60: 0 | Y60: =I60+J60+K60+P60+W60+X60 -> 6950044 | Z60: =IFERROR(__xludf.DUMMYFUNCTION("VLOOKUP(C60,IMPORTRANGE(""https://docs.google.com/spreadsheets/d/1ZLN5T8y7NSBIP1rvSj6TTUR_vTQbRwUKSt8zZJ_EfE4/edit?gid=461094331#gid=461094331"",""SCHEDULE_SDT_JAN26""),38,0)+VLOOKUP(C60,IMPORTRANGE(""https://docs.google.com/spreadsheets/d/1ZLN5T8y7NSBIP1"&"rvSj6TTUR_vTQbRwUKSt8zZJ_EfE4/edit?gid=461094331#gid=461094331"",""SCHEDULE_SDT_JAN26""),39,0)"),0) -> 0 | AA60: =IFERROR(__xludf.DUMMYFUNCTION("VLOOKUP(C60,IMPORTRANGE(""https://docs.google.com/spreadsheets/d/1ZLN5T8y7NSBIP1rvSj6TTUR_vTQbRwUKSt8zZJ_EfE4/edit?gid=461094331#gid=461094331"",""SCHEDULE_SDT_JAN26""),40,0)"),0) -> 0 | AB60: =IFERROR(__xludf.DUMMYFUNCTION("VLOOKUP(C60,IMPORTRANGE(""https://docs.google.com/spreadsheets/d/1ZLN5T8y7NSBIP1rvSj6TTUR_vTQbRwUKSt8zZJ_EfE4/edit?gid=461094331#gid=461094331"",""SCHEDULE_SDT_JAN26""),41,0)"),0) -> 0 | AC60: =IFERROR(__xludf.DUMMYFUNCTION("VLOOKUP(C60,IMPORTRANGE(""https://docs.google.com/spreadsheets/d/1ZLN5T8y7NSBIP1rvSj6TTUR_vTQbRwUKSt8zZJ_EfE4/edit?gid=461094331#gid=461094331"",""SCHEDULE_SDT_JAN26""),42,0)"),0) -> 0 | AD60: =IFERROR(__xludf.DUMMYFUNCTION("VLOOKUP(C60,IMPORTRANGE(""https://docs.google.com/spreadsheets/d/1ZLN5T8y7NSBIP1rvSj6TTUR_vTQbRwUKSt8zZJ_EfE4/edit?gid=461094331#gid=461094331"",""SCHEDULE_SDT_JAN26""),43,0)"),0) -> 0 | AE60: =U60*(Z60+AA60+AD60+(AC60)) -> 0 | AF60: 468468 | AG60: 253500 | AH60: 0 | AI60: 0 | AJ60: 0 | AK60: =AI60-AJ60 -> 0 | AL60: 0 | AM60: =AE60+AF60+AG60+AH60+AJ60+AL60 -> 721968 | AN60: =Y60-AM60 -> 6228076 | AO60: =BE60 -> 66900.124 | AP60: =AN60-AO60 -> 6161175.9 | AQ60: =AP60-X60 -> 6161175.9 | AR60: =IF(AQ60>0,ROUND(AQ60,-2),0) -> 6161200 | AT60: TK/1 | AU60: A | AV60: =I60 -> 5729876 | AW60: =P60 -> 200000 | AX60: =W60 -> 500000 | AY60: 0 | AZ60: =IF(J60=0,0,AV60*0.24%) -> 13751.702 | BA60: =IF(J60=0,0,AV60*0.3%) -> 17189.628 | BB60: =IF(K60=0,0,AV60*4%) -> 229195.04 | BC60: =SUM(AV60:BB60) -> 6690012.4 | BD60: =IF(AU60="C",VLOOKUP(BC60,TER!$J$4:$L$50,3,TRUE),IF(AU60="B",VLOOKUP(BC60,TER!$F$4:$H$50,3,TRUE),IF(AU60="A",VLOOKUP(BC60,TER!$B$4:$D$50,3,TRUE),"ERROR"))) -> 0.01 | BE60: =BC60*BD60 -> 66900.124
B61: 52 | C61: 3604130301950001 | D61: FRASTIYANI | E61: BRI | F61: 065101021367501 | G61: ANGGOTA | H61: FULL - EXISTING | I61: =IF(H61="FULL - EXISTING",5729876,5729876/O61*N61) -> 5729876 | J61: 316368 | K61: 203800 | L61: 200000 | M61: =L61/O61 -> 9523.8095 | N61: =IFERROR(__xludf.DUMMYFUNCTION("VLOOKUP(C61,IMPORTRANGE(""https://docs.google.com/spreadsheets/d/1ZLN5T8y7NSBIP1rvSj6TTUR_vTQbRwUKSt8zZJ_EfE4/edit?gid=461094331#gid=461094331"",""SCHEDULE_SDT_JAN26""),35,0)"),21) -> 21 | O61: =IFERROR(__xludf.DUMMYFUNCTION("VLOOKUP(C61,IMPORTRANGE(""https://docs.google.com/spreadsheets/d/1ZLN5T8y7NSBIP1rvSj6TTUR_vTQbRwUKSt8zZJ_EfE4/edit?gid=461094331#gid=461094331"",""SCHEDULE_SDT_JAN26""),34,0)"),21) -> 21 | P61: =M61*N61 -> 200000 | R61: =I61+J61+K61+L61 -> 6450044 | S61: =I61+J61+K61+L61 -> 6450044 | T61: =IF(R61-S61<0,R61-S61,0) -> 0 | U61: 250000 | V61: =IFERROR(__xludf.DUMMYFUNCTION("VLOOKUP(C61,IMPORTRANGE(""https://docs.google.com/spreadsheets/d/1ZLN5T8y7NSBIP1rvSj6TTUR_vTQbRwUKSt8zZJ_EfE4/edit?gid=461094331#gid=461094331"",""SCHEDULE_SDT_JAN26""),36,0)"),1) -> 1 | W61: =U61*V61 -> 250000 | X61: 0 | Y61: =I61+J61+K61+P61+W61+X61 -> 6700044 | Z61: =IFERROR(__xludf.DUMMYFUNCTION("VLOOKUP(C61,IMPORTRANGE(""https://docs.google.com/spreadsheets/d/1ZLN5T8y7NSBIP1rvSj6TTUR_vTQbRwUKSt8zZJ_EfE4/edit?gid=461094331#gid=461094331"",""SCHEDULE_SDT_JAN26""),38,0)+VLOOKUP(C61,IMPORTRANGE(""https://docs.google.com/spreadsheets/d/1ZLN5T8y7NSBIP1"&"rvSj6TTUR_vTQbRwUKSt8zZJ_EfE4/edit?gid=461094331#gid=461094331"",""SCHEDULE_SDT_JAN26""),39,0)"),0) -> 0 | AA61: =IFERROR(__xludf.DUMMYFUNCTION("VLOOKUP(C61,IMPORTRANGE(""https://docs.google.com/spreadsheets/d/1ZLN5T8y7NSBIP1rvSj6TTUR_vTQbRwUKSt8zZJ_EfE4/edit?gid=461094331#gid=461094331"",""SCHEDULE_SDT_JAN26""),40,0)"),0) -> 0 | AB61: =IFERROR(__xludf.DUMMYFUNCTION("VLOOKUP(C61,IMPORTRANGE(""https://docs.google.com/spreadsheets/d/1ZLN5T8y7NSBIP1rvSj6TTUR_vTQbRwUKSt8zZJ_EfE4/edit?gid=461094331#gid=461094331"",""SCHEDULE_SDT_JAN26""),41,0)"),0) -> 0 | AC61: =IFERROR(__xludf.DUMMYFUNCTION("VLOOKUP(C61,IMPORTRANGE(""https://docs.google.com/spreadsheets/d/1ZLN5T8y7NSBIP1rvSj6TTUR_vTQbRwUKSt8zZJ_EfE4/edit?gid=461094331#gid=461094331"",""SCHEDULE_SDT_JAN26""),42,0)"),0) -> 0 | AD61: =IFERROR(__xludf.DUMMYFUNCTION("VLOOKUP(C61,IMPORTRANGE(""https://docs.google.com/spreadsheets/d/1ZLN5T8y7NSBIP1rvSj6TTUR_vTQbRwUKSt8zZJ_EfE4/edit?gid=461094331#gid=461094331"",""SCHEDULE_SDT_JAN26""),43,0)"),0) -> 0 | AE61: =U61*(Z61+AA61+AD61+(AC61)) -> 0 | AF61: 468468 | AG61: 253500 | AH61: 0 | AI61: 0 | AJ61: 0 | AK61: =AI61-AJ61 -> 0 | AL61: 0 | AM61: =AE61+AF61+AG61+AH61+AJ61+AL61 -> 721968 | AN61: =Y61-AM61 -> 5978076 | AO61: =BE61 -> 16100.031 | AP61: =AN61-AO61 -> 5961976 | AQ61: =AP61-X61 -> 5961976 | AR61: =IF(AQ61>0,ROUND(AQ61,-2),0) -> 5962000 | AT61: TK/2 | AU61: B | AV61: =I61 -> 5729876 | AW61: =P61 -> 200000 | AX61: =W61 -> 250000 | AY61: 0 | AZ61: =IF(J61=0,0,AV61*0.24%) -> 13751.702 | BA61: =IF(J61=0,0,AV61*0.3%) -> 17189.628 | BB61: =IF(K61=0,0,AV61*4%) -> 229195.04 | BC61: =SUM(AV61:BB61) -> 6440012.4 | BD61: =IF(AU61="C",VLOOKUP(BC61,TER!$J$4:$L$50,3,TRUE),IF(AU61="B",VLOOKUP(BC61,TER!$F$4:$H$50,3,TRUE),IF(AU61="A",VLOOKUP(BC61,TER!$B$4:$D$50,3,TRUE),"ERROR"))) -> 0.0025 | BE61: =BC61*BD61 -> 16100.031
B62: 53 | C62: 1701010512000001 | D62: ALHAPIP AHMAD AMIN | E62: BRI | F62: 065101021378502 | G62: ANGGOTA | H62: FULL - EXISTING | I62: =IF(H62="FULL - EXISTING",5729876,5729876/O62*N62) -> 5729876 | J62: 316368 | K62: 203800 | L62: 200000 | M62: =L62/O62 -> 9523.8095 | N62: =IFERROR(__xludf.DUMMYFUNCTION("VLOOKUP(C62,IMPORTRANGE(""https://docs.google.com/spreadsheets/d/1ZLN5T8y7NSBIP1rvSj6TTUR_vTQbRwUKSt8zZJ_EfE4/edit?gid=461094331#gid=461094331"",""SCHEDULE_SDT_JAN26""),35,0)"),21) -> 21 | O62: =IFERROR(__xludf.DUMMYFUNCTION("VLOOKUP(C62,IMPORTRANGE(""https://docs.google.com/spreadsheets/d/1ZLN5T8y7NSBIP1rvSj6TTUR_vTQbRwUKSt8zZJ_EfE4/edit?gid=461094331#gid=461094331"",""SCHEDULE_SDT_JAN26""),34,0)"),21) -> 21 | P62: =M62*N62 -> 200000 | R62: =I62+J62+K62+L62 -> 6450044 | S62: =I62+J62+K62+L62 -> 6450044 | T62: =IF(R62-S62<0,R62-S62,0) -> 0 | U62: 250000 | V62: =IFERROR(__xludf.DUMMYFUNCTION("VLOOKUP(C62,IMPORTRANGE(""https://docs.google.com/spreadsheets/d/1ZLN5T8y7NSBIP1rvSj6TTUR_vTQbRwUKSt8zZJ_EfE4/edit?gid=461094331#gid=461094331"",""SCHEDULE_SDT_JAN26""),36,0)"),1) -> 1 | W62: =U62*V62 -> 250000 | X62: 0 | Y62: =I62+J62+K62+P62+W62+X62 -> 6700044 | Z62: =IFERROR(__xludf.DUMMYFUNCTION("VLOOKUP(C62,IMPORTRANGE(""https://docs.google.com/spreadsheets/d/1ZLN5T8y7NSBIP1rvSj6TTUR_vTQbRwUKSt8zZJ_EfE4/edit?gid=461094331#gid=461094331"",""SCHEDULE_SDT_JAN26""),38,0)+VLOOKUP(C62,IMPORTRANGE(""https://docs.google.com/spreadsheets/d/1ZLN5T8y7NSBIP1"&"rvSj6TTUR_vTQbRwUKSt8zZJ_EfE4/edit?gid=461094331#gid=461094331"",""SCHEDULE_SDT_JAN26""),39,0)"),0) -> 0 | AA62: =IFERROR(__xludf.DUMMYFUNCTION("VLOOKUP(C62,IMPORTRANGE(""https://docs.google.com/spreadsheets/d/1ZLN5T8y7NSBIP1rvSj6TTUR_vTQbRwUKSt8zZJ_EfE4/edit?gid=461094331#gid=461094331"",""SCHEDULE_SDT_JAN26""),40,0)"),0) -> 0 | AB62: =IFERROR(__xludf.DUMMYFUNCTION("VLOOKUP(C62,IMPORTRANGE(""https://docs.google.com/spreadsheets/d/1ZLN5T8y7NSBIP1rvSj6TTUR_vTQbRwUKSt8zZJ_EfE4/edit?gid=461094331#gid=461094331"",""SCHEDULE_SDT_JAN26""),41,0)"),0) -> 0 | AC62: =IFERROR(__xludf.DUMMYFUNCTION("VLOOKUP(C62,IMPORTRANGE(""https://docs.google.com/spreadsheets/d/1ZLN5T8y7NSBIP1rvSj6TTUR_vTQbRwUKSt8zZJ_EfE4/edit?gid=461094331#gid=461094331"",""SCHEDULE_SDT_JAN26""),42,0)"),0) -> 0 | AD62: =IFERROR(__xludf.DUMMYFUNCTION("VLOOKUP(C62,IMPORTRANGE(""https://docs.google.com/spreadsheets/d/1ZLN5T8y7NSBIP1rvSj6TTUR_vTQbRwUKSt8zZJ_EfE4/edit?gid=461094331#gid=461094331"",""SCHEDULE_SDT_JAN26""),43,0)"),0) -> 0 | AE62: =U62*(Z62+AA62+AD62+(AC62)) -> 0 | AF62: 468468 | AG62: 253500 | AH62: 0 | AI62: 0 | AJ62: 0 | AK62: =AI62-AJ62 -> 0 | AL62: 0 | AM62: =AE62+AF62+AG62+AH62+AJ62+AL62 -> 721968 | AN62: =Y62-AM62 -> 5978076 | AO62: =BE62 -> 64400.124 | AP62: =AN62-AO62 -> 5913675.9 | AQ62: =AP62-X62 -> 5913675.9 | AR62: =IF(AQ62>0,ROUND(AQ62,-2),0) -> 5913700 | AT62: TK/0 | AU62: A | AV62: =I62 -> 5729876 | AW62: =P62 -> 200000 | AX62: =W62 -> 250000 | AY62: 0 | AZ62: =IF(J62=0,0,AV62*0.24%) -> 13751.702 | BA62: =IF(J62=0,0,AV62*0.3%) -> 17189.628 | BB62: =IF(K62=0,0,AV62*4%) -> 229195.04 | BC62: =SUM(AV62:BB62) -> 6440012.4 | BD62: =IF(AU62="C",VLOOKUP(BC62,TER!$J$4:$L$50,3,TRUE),IF(AU62="B",VLOOKUP(BC62,TER!$F$4:$H$50,3,TRUE),IF(AU62="A",VLOOKUP(BC62,TER!$B$4:$D$50,3,TRUE),"ERROR"))) -> 0.01 | BE62: =BC62*BD62 -> 64400.124
B63: 54 | C63: 3276050612960012 | D63: M HASIM NING | E63: BRI | F63: 065101021446509 | G63: ANGGOTA | H63: FULL - EXISTING | I63: =IF(H63="FULL - EXISTING",5729876,5729876/O63*N63) -> 5729876 | J63: 316368 | K63: 203800 | L63: 200000 | M63: =L63/O63 -> 10000 | N63: =IFERROR(__xludf.DUMMYFUNCTION("VLOOKUP(C63,IMPORTRANGE(""https://docs.google.com/spreadsheets/d/1ZLN5T8y7NSBIP1rvSj6TTUR_vTQbRwUKSt8zZJ_EfE4/edit?gid=461094331#gid=461094331"",""SCHEDULE_SDT_JAN26""),35,0)"),19) -> 19 | O63: =IFERROR(__xludf.DUMMYFUNCTION("VLOOKUP(C63,IMPORTRANGE(""https://docs.google.com/spreadsheets/d/1ZLN5T8y7NSBIP1rvSj6TTUR_vTQbRwUKSt8zZJ_EfE4/edit?gid=461094331#gid=461094331"",""SCHEDULE_SDT_JAN26""),34,0)"),20) -> 20 | P63: =M63*N63 -> 190000 | R63: =I63+J63+K63+L63 -> 6450044 | S63: =I63+J63+K63+L63 -> 6450044 | T63: =IF(R63-S63<0,R63-S63,0) -> 0 | U63: 250000 | V63: =IFERROR(__xludf.DUMMYFUNCTION("VLOOKUP(C63,IMPORTRANGE(""https://docs.google.com/spreadsheets/d/1ZLN5T8y7NSBIP1rvSj6TTUR_vTQbRwUKSt8zZJ_EfE4/edit?gid=461094331#gid=461094331"",""SCHEDULE_SDT_JAN26""),36,0)"),2) -> 2 | W63: =U63*V63 -> 500000 | X63: 0 | Y63: =I63+J63+K63+P63+W63+X63 -> 6940044 | Z63: =IFERROR(__xludf.DUMMYFUNCTION("VLOOKUP(C63,IMPORTRANGE(""https://docs.google.com/spreadsheets/d/1ZLN5T8y7NSBIP1rvSj6TTUR_vTQbRwUKSt8zZJ_EfE4/edit?gid=461094331#gid=461094331"",""SCHEDULE_SDT_JAN26""),38,0)+VLOOKUP(C63,IMPORTRANGE(""https://docs.google.com/spreadsheets/d/1ZLN5T8y7NSBIP1"&"rvSj6TTUR_vTQbRwUKSt8zZJ_EfE4/edit?gid=461094331#gid=461094331"",""SCHEDULE_SDT_JAN26""),39,0)"),1) -> 1 | AA63: =IFERROR(__xludf.DUMMYFUNCTION("VLOOKUP(C63,IMPORTRANGE(""https://docs.google.com/spreadsheets/d/1ZLN5T8y7NSBIP1rvSj6TTUR_vTQbRwUKSt8zZJ_EfE4/edit?gid=461094331#gid=461094331"",""SCHEDULE_SDT_JAN26""),40,0)"),0) -> 0 | AB63: =IFERROR(__xludf.DUMMYFUNCTION("VLOOKUP(C63,IMPORTRANGE(""https://docs.google.com/spreadsheets/d/1ZLN5T8y7NSBIP1rvSj6TTUR_vTQbRwUKSt8zZJ_EfE4/edit?gid=461094331#gid=461094331"",""SCHEDULE_SDT_JAN26""),41,0)"),0) -> 0 | AC63: =IFERROR(__xludf.DUMMYFUNCTION("VLOOKUP(C63,IMPORTRANGE(""https://docs.google.com/spreadsheets/d/1ZLN5T8y7NSBIP1rvSj6TTUR_vTQbRwUKSt8zZJ_EfE4/edit?gid=461094331#gid=461094331"",""SCHEDULE_SDT_JAN26""),42,0)"),0) -> 0 | AD63: =IFERROR(__xludf.DUMMYFUNCTION("VLOOKUP(C63,IMPORTRANGE(""https://docs.google.com/spreadsheets/d/1ZLN5T8y7NSBIP1rvSj6TTUR_vTQbRwUKSt8zZJ_EfE4/edit?gid=461094331#gid=461094331"",""SCHEDULE_SDT_JAN26""),43,0)"),0) -> 0 | AE63: =U63*(Z63+AA63+AD63+(AC63)) -> 250000 | AF63: 468468 | AG63: 253500 | AH63: 0 | AI63: 0 | AJ63: 0 | AK63: =AI63-AJ63 -> 0 | AL63: 0 | AM63: =AE63+AF63+AG63+AH63+AJ63+AL63 -> 971968 | AN63: =Y63-AM63 -> 5968076 | AO63: =BE63 -> 66800.124 | AP63: =AN63-AO63 -> 5901275.9 | AQ63: =AP63-X63 -> 5901275.9 | AR63: =IF(AQ63>0,ROUND(AQ63,-2),0) -> 5901300 | AT63: TK/0 | AU63: A | AV63: =I63 -> 5729876 | AW63: =P63 -> 190000 | AX63: =W63 -> 500000 | AY63: 0 | AZ63: =IF(J63=0,0,AV63*0.24%) -> 13751.702 | BA63: =IF(J63=0,0,AV63*0.3%) -> 17189.628 | BB63: =IF(K63=0,0,AV63*4%) -> 229195.04 | BC63: =SUM(AV63:BB63) -> 6680012.4 | BD63: =IF(AU63="C",VLOOKUP(BC63,TER!$J$4:$L$50,3,TRUE),IF(AU63="B",VLOOKUP(BC63,TER!$F$4:$H$50,3,TRUE),IF(AU63="A",VLOOKUP(BC63,TER!$B$4:$D$50,3,TRUE),"ERROR"))) -> 0.01 | BE63: =BC63*BD63 -> 66800.124
B64: 55 | C64: 3172056309981003 | D64: RESA LORENSA | E64: BRI | F64: 065101021456504 | G64: ADMIN | H64: FULL - EXISTING | I64: =IF(H64="FULL - EXISTING",5729876,5729876/O64*N64) -> 5729876 | J64: 316368 | K64: 203800 | L64: 700000 | M64: =L64/O64 -> 35000 | N64: =IFERROR(__xludf.DUMMYFUNCTION("VLOOKUP(C64,IMPORTRANGE(""https://docs.google.com/spreadsheets/d/1ZLN5T8y7NSBIP1rvSj6TTUR_vTQbRwUKSt8zZJ_EfE4/edit?gid=461094331#gid=461094331"",""SCHEDULE_SDT_JAN26""),35,0)"),19) -> 19 | O64: =IFERROR(__xludf.DUMMYFUNCTION("VLOOKUP(C64,IMPORTRANGE(""https://docs.google.com/spreadsheets/d/1ZLN5T8y7NSBIP1rvSj6TTUR_vTQbRwUKSt8zZJ_EfE4/edit?gid=461094331#gid=461094331"",""SCHEDULE_SDT_JAN26""),34,0)"),20) -> 20 | P64: =M64*N64 -> 665000 | R64: =I64+J64+K64+L64 -> 6950044 | S64: =I64+J64+K64+L64 -> 6950044 | T64: =IF(R64-S64<0,R64-S64,0) -> 0 | U64: 250000 | V64: =IFERROR(__xludf.DUMMYFUNCTION("VLOOKUP(C64,IMPORTRANGE(""https://docs.google.com/spreadsheets/d/1ZLN5T8y7NSBIP1rvSj6TTUR_vTQbRwUKSt8zZJ_EfE4/edit?gid=461094331#gid=461094331"",""SCHEDULE_SDT_JAN26""),36,0)"),0) -> 0 | W64: =U64*V64 -> 0 | X64: 0 | Y64: =I64+J64+K64+P64+W64+X64 -> 6915044 | Z64: =IFERROR(__xludf.DUMMYFUNCTION("VLOOKUP(C64,IMPORTRANGE(""https://docs.google.com/spreadsheets/d/1ZLN5T8y7NSBIP1rvSj6TTUR_vTQbRwUKSt8zZJ_EfE4/edit?gid=461094331#gid=461094331"",""SCHEDULE_SDT_JAN26""),38,0)+VLOOKUP(C64,IMPORTRANGE(""https://docs.google.com/spreadsheets/d/1ZLN5T8y7NSBIP1"&"rvSj6TTUR_vTQbRwUKSt8zZJ_EfE4/edit?gid=461094331#gid=461094331"",""SCHEDULE_SDT_JAN26""),39,0)"),0) -> 0 | AA64: =IFERROR(__xludf.DUMMYFUNCTION("VLOOKUP(C64,IMPORTRANGE(""https://docs.google.com/spreadsheets/d/1ZLN5T8y7NSBIP1rvSj6TTUR_vTQbRwUKSt8zZJ_EfE4/edit?gid=461094331#gid=461094331"",""SCHEDULE_SDT_JAN26""),40,0)"),1) -> 1 | AB64: =IFERROR(__xludf.DUMMYFUNCTION("VLOOKUP(C64,IMPORTRANGE(""https://docs.google.com/spreadsheets/d/1ZLN5T8y7NSBIP1rvSj6TTUR_vTQbRwUKSt8zZJ_EfE4/edit?gid=461094331#gid=461094331"",""SCHEDULE_SDT_JAN26""),41,0)"),0) -> 0 | AC64: =IFERROR(__xludf.DUMMYFUNCTION("VLOOKUP(C64,IMPORTRANGE(""https://docs.google.com/spreadsheets/d/1ZLN5T8y7NSBIP1rvSj6TTUR_vTQbRwUKSt8zZJ_EfE4/edit?gid=461094331#gid=461094331"",""SCHEDULE_SDT_JAN26""),42,0)"),0) -> 0 | AD64: =IFERROR(__xludf.DUMMYFUNCTION("VLOOKUP(C64,IMPORTRANGE(""https://docs.google.com/spreadsheets/d/1ZLN5T8y7NSBIP1rvSj6TTUR_vTQbRwUKSt8zZJ_EfE4/edit?gid=461094331#gid=461094331"",""SCHEDULE_SDT_JAN26""),43,0)"),0) -> 0 | AE64: =U64*(Z64+AA64+AD64+(AC64)) -> 250000 | AF64: 468468 | AG64: 253500 | AH64: 0 | AI64: 0 | AJ64: 0 | AK64: =AI64-AJ64 -> 0 | AL64: 0 | AM64: =AE64+AF64+AG64+AH64+AJ64+AL64 -> 971968 | AN64: =Y64-AM64 -> 5943076 | AO64: =BE64 -> 66550.124 | AP64: =AN64-AO64 -> 5876525.9 | AQ64: =AP64-X64 -> 5876525.9 | AR64: =IF(AQ64>0,ROUND(AQ64,-2),0) -> 5876500 | AT64: TK/0 | AU64: A | AV64: =I64 -> 5729876 | AW64: =P64 -> 665000 | AX64: =W64 -> 0 | AY64: 0 | AZ64: =IF(J64=0,0,AV64*0.24%) -> 13751.702 | BA64: =IF(J64=0,0,AV64*0.3%) -> 17189.628 | BB64: =IF(K64=0,0,AV64*4%) -> 229195.04 | BC64: =SUM(AV64:BB64) -> 6655012.4 | BD64: =IF(AU64="C",VLOOKUP(BC64,TER!$J$4:$L$50,3,TRUE),IF(AU64="B",VLOOKUP(BC64,TER!$F$4:$H$50,3,TRUE),IF(AU64="A",VLOOKUP(BC64,TER!$B$4:$D$50,3,TRUE),"ERROR"))) -> 0.01 | BE64: =BC64*BD64 -> 66550.124
B65: 56 | C65: 3276042503900002 | D65: SHYAHRUL HIDAYAT | E65: BRI | F65: 065101021452500 | G65: ANGGOTA | H65: FULL - EXISTING | I65: =IF(H65="FULL - EXISTING",5729876,5729876/O65*N65) -> 5729876 | J65: 316368 | K65: 203800 | L65: 200000 | M65: =L65/O65 -> 10000 | N65: =IFERROR(__xludf.DUMMYFUNCTION("VLOOKUP(C65,IMPORTRANGE(""https://docs.google.com/spreadsheets/d/1ZLN5T8y7NSBIP1rvSj6TTUR_vTQbRwUKSt8zZJ_EfE4/edit?gid=461094331#gid=461094331"",""SCHEDULE_SDT_JAN26""),35,0)"),20) -> 20 | O65: =IFERROR(__xludf.DUMMYFUNCTION("VLOOKUP(C65,IMPORTRANGE(""https://docs.google.com/spreadsheets/d/1ZLN5T8y7NSBIP1rvSj6TTUR_vTQbRwUKSt8zZJ_EfE4/edit?gid=461094331#gid=461094331"",""SCHEDULE_SDT_JAN26""),34,0)"),20) -> 20 | P65: =M65*N65 -> 200000 | R65: =I65+J65+K65+L65 -> 6450044 | S65: =I65+J65+K65+L65 -> 6450044 | T65: =IF(R65-S65<0,R65-S65,0) -> 0 | U65: 250000 | V65: =IFERROR(__xludf.DUMMYFUNCTION("VLOOKUP(C65,IMPORTRANGE(""https://docs.google.com/spreadsheets/d/1ZLN5T8y7NSBIP1rvSj6TTUR_vTQbRwUKSt8zZJ_EfE4/edit?gid=461094331#gid=461094331"",""SCHEDULE_SDT_JAN26""),36,0)"),1) -> 1 | W65: =U65*V65 -> 250000 | X65: 0 | Y65: =I65+J65+K65+P65+W65+X65 -> 6700044 | Z65: =IFERROR(__xludf.DUMMYFUNCTION("VLOOKUP(C65,IMPORTRANGE(""https://docs.google.com/spreadsheets/d/1ZLN5T8y7NSBIP1rvSj6TTUR_vTQbRwUKSt8zZJ_EfE4/edit?gid=461094331#gid=461094331"",""SCHEDULE_SDT_JAN26""),38,0)+VLOOKUP(C65,IMPORTRANGE(""https://docs.google.com/spreadsheets/d/1ZLN5T8y7NSBIP1"&"rvSj6TTUR_vTQbRwUKSt8zZJ_EfE4/edit?gid=461094331#gid=461094331"",""SCHEDULE_SDT_JAN26""),39,0)"),0) -> 0 | AA65: =IFERROR(__xludf.DUMMYFUNCTION("VLOOKUP(C65,IMPORTRANGE(""https://docs.google.com/spreadsheets/d/1ZLN5T8y7NSBIP1rvSj6TTUR_vTQbRwUKSt8zZJ_EfE4/edit?gid=461094331#gid=461094331"",""SCHEDULE_SDT_JAN26""),40,0)"),0) -> 0 | AB65: =IFERROR(__xludf.DUMMYFUNCTION("VLOOKUP(C65,IMPORTRANGE(""https://docs.google.com/spreadsheets/d/1ZLN5T8y7NSBIP1rvSj6TTUR_vTQbRwUKSt8zZJ_EfE4/edit?gid=461094331#gid=461094331"",""SCHEDULE_SDT_JAN26""),41,0)"),0) -> 0 | AC65: =IFERROR(__xludf.DUMMYFUNCTION("VLOOKUP(C65,IMPORTRANGE(""https://docs.google.com/spreadsheets/d/1ZLN5T8y7NSBIP1rvSj6TTUR_vTQbRwUKSt8zZJ_EfE4/edit?gid=461094331#gid=461094331"",""SCHEDULE_SDT_JAN26""),42,0)"),0) -> 0 | AD65: =IFERROR(__xludf.DUMMYFUNCTION("VLOOKUP(C65,IMPORTRANGE(""https://docs.google.com/spreadsheets/d/1ZLN5T8y7NSBIP1rvSj6TTUR_vTQbRwUKSt8zZJ_EfE4/edit?gid=461094331#gid=461094331"",""SCHEDULE_SDT_JAN26""),43,0)"),0) -> 0 | AE65: =U65*(Z65+AA65+AD65+(AC65)) -> 0 | AF65: 468468 | AG65: 253500 | AH65: 0 | AI65: 0 | AJ65: 0 | AK65: =AI65-AJ65 -> 0 | AL65: 0 | AM65: =AE65+AF65+AG65+AH65+AJ65+AL65 -> 721968 | AN65: =Y65-AM65 -> 5978076 | AO65: =BE65 -> 64400.124 | AP65: =AN65-AO65 -> 5913675.9 | AQ65: =AP65-X65 -> 5913675.9 | AR65: =IF(AQ65>0,ROUND(AQ65,-2),0) -> 5913700 | AT65: TK/1 | AU65: A | AV65: =I65 -> 5729876 | AW65: =P65 -> 200000 | AX65: =W65 -> 250000 | AY65: 0 | AZ65: =IF(J65=0,0,AV65*0.24%) -> 13751.702 | BA65: =IF(J65=0,0,AV65*0.3%) -> 17189.628 | BB65: =IF(K65=0,0,AV65*4%) -> 229195.04 | BC65: =SUM(AV65:BB65) -> 6440012.4 | BD65: =IF(AU65="C",VLOOKUP(BC65,TER!$J$4:$L$50,3,TRUE),IF(AU65="B",VLOOKUP(BC65,TER!$F$4:$H$50,3,TRUE),IF(AU65="A",VLOOKUP(BC65,TER!$B$4:$D$50,3,TRUE),"ERROR"))) -> 0.01 | BE65: =BC65*BD65 -> 64400.124
